id,case_name,url,expected_title,expected_home_text,expected_find_owners_text,expected_veterinarians_text,note
001,HomePage_Case_001,http://localhost:8080,PetClinic :: a Spring Framework demonstration,Home,Find Owners,Veterinarians,Baseline scenario 1
002,HomePage_Case_002,http://localhost:8080/,PetClinic :: a Spring Framework demonstration,Home,Find Owners,Veterinarians,Root slash scenario 2
003,HomePage_Case_003,http://localhost:8080,PetClinic :: a Spring Framework demonstration,Home,Find Owners,Veterinarians,Home page scenario 3
004,HomePage_Case_004,http://localhost:8080,PetClinic :: a Spring Framework demonstration,Home,Find Owners,Veterinarians,Navigation scenario 4
005,HomePage_Case_005,http://localhost:8080,PetClinic :: a Spring Framework demonstration,Home,Find Owners,Veterinarians,Menu check scenario 5
006,HomePage_Case_006,http://localhost:8080,PetClinic :: a Spring Framework demonstration,Home,Find Owners,Veterinarians,Element presence 6
007,HomePage_Case_007,http://localhost:8080,PetClinic :: a Spring Framework demonstration,Home,Find Owners,Veterinarians,Title check 7
008,HomePage_Case_008,http://localhost:8080,PetClinic :: a Spring Framework demonstration,Home,Find Owners,Veterinarians,Layout validation 8
009,HomePage_Case_009,http://localhost:8080,PetClinic :: a Spring Framework demonstration,Home,Find Owners,Veterinarians,Link validation 9
010,HomePage_Case_010,http://localhost:8080,PetClinic :: a Spring Framework demonstration,Home,Find Owners,Veterinarians,Extended scenario 10
011,HomePage_Case_011,http://localhost:8080,PetClinic :: a Spring Framework demonstration,Home,Find Owners,Veterinarians,Baseline scenario 11
012,HomePage_Case_012,http://localhost:8080/,PetClinic :: a Spring Framework demonstration,Home,Find Owners,Veterinarians,Root slash scenario 12
013,HomePage_Case_013,http://localhost:8080,PetClinic :: a Spring Framework demonstration,Home,Find Owners,Veterinarians,Home page scenario 13
014,HomePage_Case_014,http://localhost:8080,PetClinic :: a Spring Framework demonstration,Home,Find Owners,Veterinarians,Navigation scenario 14
015,HomePage_Case_015,http://localhost:8080,PetClinic :: a Spring Framework demonstration,Home,Find Owners,Veterinarians,Menu check scenario 15
016,HomePage_Case_016,http://localhost:8080,PetClinic :: a Spring Framework demonstration,Home,Find Owners,Veterinarians,Element presence 16
017,HomePage_Case_017,http://localhost:8080,PetClinic :: a Spring Framework demonstration,Home,Find Owners,Veterinarians,Title check 17
018,HomePage_Case_018,http://localhost:8080,PetClinic :: a Spring Framework demonstration,Home,Find Owners,Veterinarians,Layout validation 18
019,HomePage_Case_019,http://localhost:8080,PetClinic :: a Spring Framework demonstration,Home,Find Owners,Veterinarians,Link validation 19
020,HomePage_Case_020,http://localhost:8080,PetClinic :: a Spring Framework demonstration,Home,Find Owners,Veterinarians,Extended scenario 20
021,HomePage_Case_021,http://localhost:8080,PetClinic :: a Spring Framework demonstration,Home,Find Owners,Veterinarians,Baseline scenario 21
022,HomePage_Case_022,http://localhost:8080/,PetClinic :: a Spring Framework demonstration,Home,Find Owners,Veterinarians,Root slash scenario 22
023,HomePage_Case_023,http://localhost:8080,PetClinic :: a Spring Framework demonstration,Home,Find Owners,Veterinarians,Home page scenario 23
024,HomePage_Case_024,http://localhost:8080,PetClinic :: a Spring Framework demonstration,Home,Find Owners,Veterinarians,Navigation scenario 24
025,HomePage_Case_025,http://localhost:8080,PetClinic :: a Spring Framework demonstration,Home,Find Owners,Veterinarians,Menu check scenario 25
026,HomePage_Case_026,http://localhost:8080,PetClinic :: a Spring Framework demonstration,Home,Find Owners,Veterinarians,Element presence 26
027,HomePage_Case_027,http://localhost:8080,PetClinic :: a Spring Framework demonstration,Home,Find Owners,Veterinarians,Title check 27
028,HomePage_Case_028,http://localhost:8080,PetClinic :: a Spring Framework demonstration,Home,Find Owners,Veterinarians,Layout validation 28
029,HomePage_Case_029,http://localhost:8080,PetClinic :: a Spring Framework demonstration,Home,Find Owners,Veterinarians,Link validation 29
030,HomePage_Case_030,http://localhost:8080,PetClinic :: a Spring Framework demonstration,Home,Find Owners,Veterinarians,Extended scenario 30
031,HomePage_Case_031,http://localhost:8080,PetClinic :: a Spring Framework demonstration,Home,Find Owners,Veterinarians,Baseline scenario 31
032,HomePage_Case_032,http://localhost:8080/,PetClinic :: a Spring Framework demonstration,Home,Find Owners,Veterinarians,Root slash scenario 32
033,HomePage_Case_033,http://localhost:8080,PetClinic :: a Spring Framework demonstration,Home,Find Owners,Veterinarians,Home page scenario 33
034,HomePage_Case_034,http://localhost:8080,PetClinic :: a Spring Framework demonstration,Home,Find Owners,Veterinarians,Navigation scenario 34
035,HomePage_Case_035,http://localhost:8080,PetClinic :: a Spring Framework demonstration,Home,Find Owners,Veterinarians,Menu check scenario 35
036,HomePage_Case_036,http://localhost:8080,PetClinic :: a Spring Framework demonstration,Home,Find Owners,Veterinarians,Element presence 36
037,HomePage_Case_037,http://localhost:8080,PetClinic :: a Spring Framework demonstration,Home,Find Owners,Veterinarians,Title check 37
038,HomePage_Case_038,http://localhost:8080,PetClinic :: a Spring Framework demonstration,Home,Find Owners,Veterinarians,Layout validation 38
039,HomePage_Case_039,http://localhost:8080,PetClinic :: a Spring Framework demonstration,Home,Find Owners,Veterinarians,Link validation 39
040,HomePage_Case_040,http://localhost:8080,PetClinic :: a Spring Framework demonstration,Home,Find Owners,Veterinarians,Extended scenario 40
041,HomePage_Case_041,http://localhost:8080,PetClinic :: a Spring Framework demonstration,Home,Find Owners,Veterinarians,Baseline scenario 41
042,HomePage_Case_042,http://localhost:8080/,PetClinic :: a Spring Framework demonstration,Home,Find Owners,Veterinarians,Root slash scenario 42
043,HomePage_Case_043,http://localhost:8080,PetClinic :: a Spring Framework demonstration,Home,Find Owners,Veterinarians,Home page scenario 43
044,HomePage_Case_044,http://localhost:8080,PetClinic :: a Spring Framework demonstration,Home,Find Owners,Veterinarians,Navigation scenario 44
045,HomePage_Case_045,http://localhost:8080,PetClinic :: a Spring Framework demonstration,Home,Find Owners,Veterinarians,Menu check scenario 45
046,HomePage_Case_046,http://localhost:8080,PetClinic :: a Spring Framework demonstration,Home,Find Owners,Veterinarians,Element presence 46
047,HomePage_Case_047,http://localhost:8080,PetClinic :: a Spring Framework demonstration,Home,Find Owners,Veterinarians,Title check 47
048,HomePage_Case_048,http://localhost:8080,PetClinic :: a Spring Framework demonstration,Home,Find Owners,Veterinarians,Layout validation 48
049,HomePage_Case_049,http://localhost:8080,PetClinic :: a Spring Framework demonstration,Home,Find Owners,Veterinarians,Link validation 49
050,HomePage_Case_050,http://localhost:8080,PetClinic :: a Spring Framework demonstration,Home,Find Owners,Veterinarians,Extended scenario 50
051,HomePage_Case_051,http://localhost:8080,PetClinic :: a Spring Framework demonstration,Home,Find Owners,Veterinarians,Baseline scenario 51
052,HomePage_Case_052,http://localhost:8080/,PetClinic :: a Spring Framework demonstration,Home,Find Owners,Veterinarians,Root slash scenario 52
053,HomePage_Case_053,http://localhost:8080,PetClinic :: a Spring Framework demonstration,Home,Find Owners,Veterinarians,Home page scenario 53
054,HomePage_Case_054,http://localhost:8080,PetClinic :: a Spring Framework demonstration,Home,Find Owners,Veterinarians,Navigation scenario 54
055,HomePage_Case_055,http://localhost:8080,PetClinic :: a Spring Framework demonstration,Home,Find Owners,Veterinarians,Menu check scenario 55
056,HomePage_Case_056,http://localhost:8080,PetClinic :: a Spring Framework demonstration,Home,Find Owners,Veterinarians,Element presence 56
057,HomePage_Case_057,http://localhost:8080,PetClinic :: a Spring Framework demonstration,Home,Find Owners,Veterinarians,Title check 57
058,HomePage_Case_058,http://localhost:8080,PetClinic :: a Spring Framework demonstration,Home,Find Owners,Veterinarians,Layout validation 58
059,HomePage_Case_059,http://localhost:8080,PetClinic :: a Spring Framework demonstration,Home,Find Owners,Veterinarians,Link validation 59
060,HomePage_Case_060,http://localhost:8080,PetClinic :: a Spring Framework demonstration,Home,Find Owners,Veterinarians,Extended scenario 60
061,HomePage_Case_061,http://localhost:8080,PetClinic :: a Spring Framework demonstration,Home,Find Owners,Veterinarians,Baseline scenario 61
062,HomePage_Case_062,http://localhost:8080/,PetClinic :: a Spring Framework demonstration,Home,Find Owners,Veterinarians,Root slash scenario 62
063,HomePage_Case_063,http://localhost:8080,PetClinic :: a Spring Framework demonstration,Home,Find Owners,Veterinarians,Home page scenario 63
064,HomePage_Case_064,http://localhost:8080,PetClinic :: a Spring Framework demonstration,Home,Find Owners,Veterinarians,Navigation scenario 64
065,HomePage_Case_065,http://localhost:8080,PetClinic :: a Spring Framework demonstration,Home,Find Owners,Veterinarians,Menu check scenario 65
066,HomePage_Case_066,http://localhost:8080,PetClinic :: a Spring Framework demonstration,Home,Find Owners,Veterinarians,Element presence 66
067,HomePage_Case_067,http://localhost:8080,PetClinic :: a Spring Framework demonstration,Home,Find Owners,Veterinarians,Title check 67
068,HomePage_Case_068,http://localhost:8080,PetClinic :: a Spring Framework demonstration,Home,Find Owners,Veterinarians,Layout validation 68
069,HomePage_Case_069,http://localhost:8080,PetClinic :: a Spring Framework demonstration,Home,Find Owners,Veterinarians,Link validation 69
070,HomePage_Case_070,http://localhost:8080,PetClinic :: a Spring Framework demonstration,Home,Find Owners,Veterinarians,Extended scenario 70
071,HomePage_Case_071,http://localhost:8080,PetClinic :: a Spring Framework demonstration,Home,Find Owners,Veterinarians,Baseline scenario 71
072,HomePage_Case_072,http://localhost:8080/,PetClinic :: a Spring Framework demonstration,Home,Find Owners,Veterinarians,Root slash scenario 72
073,HomePage_Case_073,http://localhost:8080,PetClinic :: a Spring Framework demonstration,Home,Find Owners,Veterinarians,Home page scenario 73
074,HomePage_Case_074,http://localhost:8080,PetClinic :: a Spring Framework demonstration,Home,Find Owners,Veterinarians,Navigation scenario 74
075,HomePage_Case_075,http://localhost:8080,PetClinic :: a Spring Framework demonstration,Home,Find Owners,Veterinarians,Menu check scenario 75
076,HomePage_Case_076,http://localhost:8080,PetClinic :: a Spring Framework demonstration,Home,Find Owners,Veterinarians,Element presence 76
077,HomePage_Case_077,http://localhost:8080,PetClinic :: a Spring Framework demonstration,Home,Find Owners,Veterinarians,Title check 77
078,HomePage_Case_078,http://localhost:8080,PetClinic :: a Spring Framework demonstration,Home,Find Owners,Veterinarians,Layout validation 78
079,HomePage_Case_079,http://localhost:8080,PetClinic :: a Spring Framework demonstration,Home,Find Owners,Veterinarians,Link validation 79
080,HomePage_Case_080,http://localhost:8080,PetClinic :: a Spring Framework demonstration,Home,Find Owners,Veterinarians,Extended scenario 80
081,HomePage_Case_081,http://localhost:8080,PetClinic :: a Spring Framework demonstration,Home,Find Owners,Veterinarians,Baseline scenario 81
082,HomePage_Case_082,http://localhost:8080/,PetClinic :: a Spring Framework demonstration,Home,Find Owners,Veterinarians,Root slash scenario 82
083,HomePage_Case_083,http://localhost:8080,PetClinic :: a Spring Framework demonstration,Home,Find Owners,Veterinarians,Home page scenario 83
084,HomePage_Case_084,http://localhost:8080,PetClinic :: a Spring Framework demonstration,Home,Find Owners,Veterinarians,Navigation scenario 84
085,HomePage_Case_085,http://localhost:8080,PetClinic :: a Spring Framework demonstration,Home,Find Owners,Veterinarians,Menu check scenario 85
086,HomePage_Case_086,http://localhost:8080,PetClinic :: a Spring Framework demonstration,Home,Find Owners,Veterinarians,Element presence 86
087,HomePage_Case_087,http://localhost:8080,PetClinic :: a Spring Framework demonstration,Home,Find Owners,Veterinarians,Title check 87
088,HomePage_Case_088,http://localhost:8080,PetClinic :: a Spring Framework demonstration,Home,Find Owners,Veterinarians,Layout validation 88
089,HomePage_Case_089,http://localhost:8080,PetClinic :: a Spring Framework demonstration,Home,Find Owners,Veterinarians,Link validation 89
090,HomePage_Case_090,http://localhost:8080,PetClinic :: a Spring Framework demonstration,Home,Find Owners,Veterinarians,Extended scenario 90
091,HomePage_Case_091,http://localhost:8080,PetClinic :: a Spring Framework demonstration,Home,Find Owners,Veterinarians,Baseline scenario 91
092,HomePage_Case_092,http://localhost:8080/,PetClinic :: a Spring Framework demonstration,Home,Find Owners,Veterinarians,Root slash scenario 92
093,HomePage_Case_093,http://localhost:8080,PetClinic :: a Spring Framework demonstration,Home,Find Owners,Veterinarians,Home page scenario 93
094,HomePage_Case_094,http://localhost:8080,PetClinic :: a Spring Framework demonstration,Home,Find Owners,Veterinarians,Navigation scenario 94
095,HomePage_Case_095,http://localhost:8080,PetClinic :: a Spring Framework demonstration,Home,Find Owners,Veterinarians,Menu check scenario 95
096,HomePage_Case_096,http://localhost:8080,PetClinic :: a Spring Framework demonstration,Home,Find Owners,Veterinarians,Element presence 96
097,HomePage_Case_097,http://localhost:8080,PetClinic :: a Spring Framework demonstration,Home,Find Owners,Veterinarians,Title check 97
098,HomePage_Case_098,http://localhost:8080,PetClinic :: a Spring Framework demonstration,Home,Find Owners,Veterinarians,Layout validation 98
099,HomePage_Case_099,http://localhost:8080,PetClinic :: a Spring Framework demonstration,Home,Find Owners,Veterinarians,Link validation 99
100,HomePage_Case_100,http://localhost:8080,PetClinic :: a Spring Framework demonstration,Home,Find Owners,Veterinarians,Extended scenario 100
101,HomePage_Case_101,http://localhost:8080,PetClinic :: a Spring Framework demonstration,Home,Find Owners,Veterinarians,Baseline scenario 101
102,HomePage_Case_102,http://localhost:8080/,PetClinic :: a Spring Framework demonstration,Home,Find Owners,Veterinarians,Root slash scenario 102
103,HomePage_Case_103,http://localhost:8080,PetClinic :: a Spring Framework demonstration,Home,Find Owners,Veterinarians,Home page scenario 103
104,HomePage_Case_104,http://localhost:8080,PetClinic :: a Spring Framework demonstration,Home,Find Owners,Veterinarians,Navigation scenario 104
105,HomePage_Case_105,http://localhost:8080,PetClinic :: a Spring Framework demonstration,Home,Find Owners,Veterinarians,Menu check scenario 105
106,HomePage_Case_106,http://localhost:8080,PetClinic :: a Spring Framework demonstration,Home,Find Owners,Veterinarians,Element presence 106
107,HomePage_Case_107,http://localhost:8080,PetClinic :: a Spring Framework demonstration,Home,Find Owners,Veterinarians,Title check 107
108,HomePage_Case_108,http://localhost:8080,PetClinic :: a Spring Framework demonstration,Home,Find Owners,Veterinarians,Layout validation 108
109,HomePage_Case_109,http://localhost:8080,PetClinic :: a Spring Framework demonstration,Home,Find Owners,Veterinarians,Link validation 109
110,HomePage_Case_110,http://localhost:8080,PetClinic :: a Spring Framework demonstration,Home,Find Owners,Veterinarians,Extended scenario 110
111,HomePage_Case_111,http://localhost:8080,PetClinic :: a Spring Framework demonstration,Home,Find Owners,Veterinarians,Baseline scenario 111
112,HomePage_Case_112,http://localhost:8080/,PetClinic :: a Spring Framework demonstration,Home,Find Owners,Veterinarians,Root slash scenario 112
113,HomePage_Case_113,http://localhost:8080,PetClinic :: a Spring Framework demonstration,Home,Find Owners,Veterinarians,Home page scenario 113
114,HomePage_Case_114,http://localhost:8080,PetClinic :: a Spring Framework demonstration,Home,Find Owners,Veterinarians,Navigation scenario 114
115,HomePage_Case_115,http://localhost:8080,PetClinic :: a Spring Framework demonstration,Home,Find Owners,Veterinarians,Menu check scenario 115
116,HomePage_Case_116,http://localhost:8080,PetClinic :: a Spring Framework demonstration,Home,Find Owners,Veterinarians,Element presence 116
117,HomePage_Case_117,http://localhost:8080,PetClinic :: a Spring Framework demonstration,Home,Find Owners,Veterinarians,Title check 117
118,HomePage_Case_118,http://localhost:8080,PetClinic :: a Spring Framework demonstration,Home,Find Owners,Veterinarians,Layout validation 118
119,HomePage_Case_119,http://localhost:8080,PetClinic :: a Spring Framework demonstration,Home,Find Owners,Veterinarians,Link validation 119
120,HomePage_Case_120,http://localhost:8080,PetClinic :: a Spring Framework demonstration,Home,Find Owners,Veterinarians,Extended scenario 120
121,HomePage_Case_121,http://localhost:8080,PetClinic :: a Spring Framework demonstration,Home,Find Owners,Veterinarians,Baseline scenario 121
122,HomePage_Case_122,http://localhost:8080/,PetClinic :: a Spring Framework demonstration,Home,Find Owners,Veterinarians,Root slash scenario 122
123,HomePage_Case_123,http://localhost:8080,PetClinic :: a Spring Framework demonstration,Home,Find Owners,Veterinarians,Home page scenario 123
124,HomePage_Case_124,http://localhost:8080,PetClinic :: a Spring Framework demonstration,Home,Find Owners,Veterinarians,Navigation scenario 124
125,HomePage_Case_125,http://localhost:8080,PetClinic :: a Spring Framework demonstration,Home,Find Owners,Veterinarians,Menu check scenario 125
126,HomePage_Case_126,http://localhost:8080,PetClinic :: a Spring Framework demonstration,Home,Find Owners,Veterinarians,Element presence 126
127,HomePage_Case_127,http://localhost:8080,PetClinic :: a Spring Framework demonstration,Home,Find Owners,Veterinarians,Title check 127
128,HomePage_Case_128,http://localhost:8080,PetClinic :: a Spring Framework demonstration,Home,Find Owners,Veterinarians,Layout validation 128
129,HomePage_Case_129,http://localhost:8080,PetClinic :: a Spring Framework demonstration,Home,Find Owners,Veterinarians,Link validation 129
130,HomePage_Case_130,http://localhost:8080,PetClinic :: a Spring Framework demonstration,Home,Find Owners,Veterinarians,Extended scenario 130
131,HomePage_Case_131,http://localhost:8080,PetClinic :: a Spring Framework demonstration,Home,Find Owners,Veterinarians,Baseline scenario 131
132,HomePage_Case_132,http://localhost:8080/,PetClinic :: a Spring Framework demonstration,Home,Find Owners,Veterinarians,Root slash scenario 132
133,HomePage_Case_133,http://localhost:8080,PetClinic :: a Spring Framework demonstration,Home,Find Owners,Veterinarians,Home page scenario 133
134,HomePage_Case_134,http://localhost:8080,PetClinic :: a Spring Framework demonstration,Home,Find Owners,Veterinarians,Navigation scenario 134
135,HomePage_Case_135,http://localhost:8080,PetClinic :: a Spring Framework demonstration,Home,Find Owners,Veterinarians,Menu check scenario 135
136,HomePage_Case_136,http://localhost:8080,PetClinic :: a Spring Framework demonstration,Home,Find Owners,Veterinarians,Element presence 136
137,HomePage_Case_137,http://localhost:8080,PetClinic :: a Spring Framework demonstration,Home,Find Owners,Veterinarians,Title check 137
138,HomePage_Case_138,http://localhost:8080,PetClinic :: a Spring Framework demonstration,Home,Find Owners,Veterinarians,Layout validation 138
139,HomePage_Case_139,http://localhost:8080,PetClinic :: a Spring Framework demonstration,Home,Find Owners,Veterinarians,Link validation 139
140,HomePage_Case_140,http://localhost:8080,PetClinic :: a Spring Framework demonstration,Home,Find Owners,Veterinarians,Extended scenario 140
141,HomePage_Case_141,http://localhost:8080,PetClinic :: a Spring Framework demonstration,Home,Find Owners,Veterinarians,Baseline scenario 141
142,HomePage_Case_142,http://localhost:8080/,PetClinic :: a Spring Framework demonstration,Home,Find Owners,Veterinarians,Root slash scenario 142
143,HomePage_Case_143,http://localhost:8080,PetClinic :: a Spring Framework demonstration,Home,Find Owners,Veterinarians,Home page scenario 143
144,HomePage_Case_144,http://localhost:8080,PetClinic :: a Spring Framework demonstration,Home,Find Owners,Veterinarians,Navigation scenario 144
145,HomePage_Case_145,http://localhost:8080,PetClinic :: a Spring Framework demonstration,Home,Find Owners,Veterinarians,Menu check scenario 145
146,HomePage_Case_146,http://localhost:8080,PetClinic :: a Spring Framework demonstration,Home,Find Owners,Veterinarians,Element presence 146
147,HomePage_Case_147,http://localhost:8080,PetClinic :: a Spring Framework demonstration,Home,Find Owners,Veterinarians,Title check 147
148,HomePage_Case_148,http://localhost:8080,PetClinic :: a Spring Framework demonstration,Home,Find Owners,Veterinarians,Layout validation 148
149,HomePage_Case_149,http://localhost:8080,PetClinic :: a Spring Framework demonstration,Home,Find Owners,Veterinarians,Link validation 149
150,HomePage_Case_150,http://localhost:8080,PetClinic :: a Spring Framework demonstration,Home,Find Owners,Veterinarians,Extended scenario 150
151,HomePage_Case_151,http://localhost:8080,PetClinic :: a Spring Framework demonstration,Home,Find Owners,Veterinarians,Baseline scenario 151
152,HomePage_Case_152,http://localhost:8080/,PetClinic :: a Spring Framework demonstration,Home,Find Owners,Veterinarians,Root slash scenario 152
153,HomePage_Case_153,http://localhost:8080,PetClinic :: a Spring Framework demonstration,Home,Find Owners,Veterinarians,Home page scenario 153
154,HomePage_Case_154,http://localhost:8080,PetClinic :: a Spring Framework demonstration,Home,Find Owners,Veterinarians,Navigation scenario 154
155,HomePage_Case_155,http://localhost:8080,PetClinic :: a Spring Framework demonstration,Home,Find Owners,Veterinarians,Menu check scenario 155
156,HomePage_Case_156,http://localhost:8080,PetClinic :: a Spring Framework demonstration,Home,Find Owners,Veterinarians,Element presence 156
157,HomePage_Case_157,http://localhost:8080,PetClinic :: a Spring Framework demonstration,Home,Find Owners,Veterinarians,Title check 157
158,HomePage_Case_158,http://localhost:8080,PetClinic :: a Spring Framework demonstration,Home,Find Owners,Veterinarians,Layout validation 158
159,HomePage_Case_159,http://localhost:8080,PetClinic :: a Spring Framework demonstration,Home,Find Owners,Veterinarians,Link validation 159
160,HomePage_Case_160,http://localhost:8080,PetClinic :: a Spring Framework demonstration,Home,Find Owners,Veterinarians,Extended scenario 160
161,HomePage_Case_161,http://localhost:8080,PetClinic :: a Spring Framework demonstration,Home,Find Owners,Veterinarians,Baseline scenario 161
162,HomePage_Case_162,http://localhost:8080/,PetClinic :: a Spring Framework demonstration,Home,Find Owners,Veterinarians,Root slash scenario 162
163,HomePage_Case_163,http://localhost:8080,PetClinic :: a Spring Framework demonstration,Home,Find Owners,Veterinarians,Home page scenario 163
164,HomePage_Case_164,http://localhost:8080,PetClinic :: a Spring Framework demonstration,Home,Find Owners,Veterinarians,Navigation scenario 164
165,HomePage_Case_165,http://localhost:8080,PetClinic :: a Spring Framework demonstration,Home,Find Owners,Veterinarians,Menu check scenario 165
166,HomePage_Case_166,http://localhost:8080,PetClinic :: a Spring Framework demonstration,Home,Find Owners,Veterinarians,Element presence 166
167,HomePage_Case_167,http://localhost:8080,PetClinic :: a Spring Framework demonstration,Home,Find Owners,Veterinarians,Title check 167
168,HomePage_Case_168,http://localhost:8080,PetClinic :: a Spring Framework demonstration,Home,Find Owners,Veterinarians,Layout validation 168
169,HomePage_Case_169,http://localhost:8080,PetClinic :: a Spring Framework demonstration,Home,Find Owners,Veterinarians,Link validation 169
170,HomePage_Case_170,http://localhost:8080,PetClinic :: a Spring Framework demonstration,Home,Find Owners,Veterinarians,Extended scenario 170
171,HomePage_Case_171,http://localhost:8080,PetClinic :: a Spring Framework demonstration,Home,Find Owners,Veterinarians,Baseline scenario 171
172,HomePage_Case_172,http://localhost:8080/,PetClinic :: a Spring Framework demonstration,Home,Find Owners,Veterinarians,Root slash scenario 172
173,HomePage_Case_173,http://localhost:8080,PetClinic :: a Spring Framework demonstration,Home,Find Owners,Veterinarians,Home page scenario 173
174,HomePage_Case_174,http://localhost:8080,PetClinic :: a Spring Framework demonstration,Home,Find Owners,Veterinarians,Navigation scenario 174
175,HomePage_Case_175,http://localhost:8080,PetClinic :: a Spring Framework demonstration,Home,Find Owners,Veterinarians,Menu check scenario 175
176,HomePage_Case_176,http://localhost:8080,PetClinic :: a Spring Framework demonstration,Home,Find Owners,Veterinarians,Element presence 176
177,HomePage_Case_177,http://localhost:8080,PetClinic :: a Spring Framework demonstration,Home,Find Owners,Veterinarians,Title check 177
178,HomePage_Case_178,http://localhost:8080,PetClinic :: a Spring Framework demonstration,Home,Find Owners,Veterinarians,Layout validation 178
179,HomePage_Case_179,http://localhost:8080,PetClinic :: a Spring Framework demonstration,Home,Find Owners,Veterinarians,Link validation 179
180,HomePage_Case_180,http://localhost:8080,PetClinic :: a Spring Framework demonstration,Home,Find Owners,Veterinarians,Extended scenario 180
181,HomePage_Case_181,http://localhost:8080,PetClinic :: a Spring Framework demonstration,Home,Find Owners,Veterinarians,Baseline scenario 181
182,HomePage_Case_182,http://localhost:8080/,PetClinic :: a Spring Framework demonstration,Home,Find Owners,Veterinarians,Root slash scenario 182
183,HomePage_Case_183,http://localhost:8080,PetClinic :: a Spring Framework demonstration,Home,Find Owners,Veterinarians,Home page scenario 183
184,HomePage_Case_184,http://localhost:8080,PetClinic :: a Spring Framework demonstration,Home,Find Owners,Veterinarians,Navigation scenario 184
185,HomePage_Case_185,http://localhost:8080,PetClinic :: a Spring Framework demonstration,Home,Find Owners,Veterinarians,Menu check scenario 185
186,HomePage_Case_186,http://localhost:8080,PetClinic :: a Spring Framework demonstration,Home,Find Owners,Veterinarians,Element presence 186
187,HomePage_Case_187,http://localhost:8080,PetClinic :: a Spring Framework demonstration,Home,Find Owners,Veterinarians,Title check 187
188,HomePage_Case_188,http://localhost:8080,PetClinic :: a Spring Framework demonstration,Home,Find Owners,Veterinarians,Layout validation 188
189,HomePage_Case_189,http://localhost:8080,PetClinic :: a Spring Framework demonstration,Home,Find Owners,Veterinarians,Link validation 189
190,HomePage_Case_190,http://localhost:8080,PetClinic :: a Spring Framework demonstration,Home,Find Owners,Veterinarians,Extended scenario 190
191,HomePage_Case_191,http://localhost:8080,PetClinic :: a Spring Framework demonstration,Home,Find Owners,Veterinarians,Baseline scenario 191
192,HomePage_Case_192,http://localhost:8080/,PetClinic :: a Spring Framework demonstration,Home,Find Owners,Veterinarians,Root slash scenario 192
193,HomePage_Case_193,http://localhost:8080,PetClinic :: a Spring Framework demonstration,Home,Find Owners,Veterinarians,Home page scenario 193
194,HomePage_Case_194,http://localhost:8080,PetClinic :: a Spring Framework demonstration,Home,Find Owners,Veterinarians,Navigation scenario 194
195,HomePage_Case_195,http://localhost:8080,PetClinic :: a Spring Framework demonstration,Home,Find Owners,Veterinarians,Menu check scenario 195
196,HomePage_Case_196,http://localhost:8080,PetClinic :: a Spring Framework demonstration,Home,Find Owners,Veterinarians,Element presence 196
197,HomePage_Case_197,http://localhost:8080,PetClinic :: a Spring Framework demonstration,Home,Find Owners,Veterinarians,Title check 197
198,HomePage_Case_198,http://localhost:8080,PetClinic :: a Spring Framework demonstration,Home,Find Owners,Veterinarians,Layout validation 198
199,HomePage_Case_199,http://localhost:8080,PetClinic :: a Spring Framework demonstration,Home,Find Owners,Veterinarians,Link validation 199
200,HomePage_Case_200,http://localhost:8080,PetClinic :: a Spring Framework demonstration,Home,Find Owners,Veterinarians,Extended scenario 200
201,HomePage_Case_201,http://localhost:8080,PetClinic :: a Spring Framework demonstration,Home,Find Owners,Veterinarians,Baseline scenario 201
202,HomePage_Case_202,http://localhost:8080/,PetClinic :: a Spring Framework demonstration,Home,Find Owners,Veterinarians,Root slash scenario 202
203,HomePage_Case_203,http://localhost:8080,PetClinic :: a Spring Framework demonstration,Home,Find Owners,Veterinarians,Home page scenario 203
204,HomePage_Case_204,http://localhost:8080,PetClinic :: a Spring Framework demonstration,Home,Find Owners,Veterinarians,Navigation scenario 204
205,HomePage_Case_205,http://localhost:8080,PetClinic :: a Spring Framework demonstration,Home,Find Owners,Veterinarians,Menu check scenario 205
206,HomePage_Case_206,http://localhost:8080,PetClinic :: a Spring Framework demonstration,Home,Find Owners,Veterinarians,Element presence 206
207,HomePage_Case_207,http://localhost:8080,PetClinic :: a Spring Framework demonstration,Home,Find Owners,Veterinarians,Title check 207
208,HomePage_Case_208,http://localhost:8080,PetClinic :: a Spring Framework demonstration,Home,Find Owners,Veterinarians,Layout validation 208
209,HomePage_Case_209,http://localhost:8080,PetClinic :: a Spring Framework demonstration,Home,Find Owners,Veterinarians,Link validation 209
210,HomePage_Case_210,http://localhost:8080,PetClinic :: a Spring Framework demonstration,Home,Find Owners,Veterinarians,Extended scenario 210
211,HomePage_Case_211,http://localhost:8080,PetClinic :: a Spring Framework demonstration,Home,Find Owners,Veterinarians,Baseline scenario 211
212,HomePage_Case_212,http://localhost:8080/,PetClinic :: a Spring Framework demonstration,Home,Find Owners,Veterinarians,Root slash scenario 212
213,HomePage_Case_213,http://localhost:8080,PetClinic :: a Spring Framework demonstration,Home,Find Owners,Veterinarians,Home page scenario 213
214,HomePage_Case_214,http://localhost:8080,PetClinic :: a Spring Framework demonstration,Home,Find Owners,Veterinarians,Navigation scenario 214
215,HomePage_Case_215,http://localhost:8080,PetClinic :: a Spring Framework demonstration,Home,Find Owners,Veterinarians,Menu check scenario 215
216,HomePage_Case_216,http://localhost:8080,PetClinic :: a Spring Framework demonstration,Home,Find Owners,Veterinarians,Element presence 216
217,HomePage_Case_217,http://localhost:8080,PetClinic :: a Spring Framework demonstration,Home,Find Owners,Veterinarians,Title check 217
218,HomePage_Case_218,http://localhost:8080,PetClinic :: a Spring Framework demonstration,Home,Find Owners,Veterinarians,Layout validation 218
219,HomePage_Case_219,http://localhost:8080,PetClinic :: a Spring Framework demonstration,Home,Find Owners,Veterinarians,Link validation 219
220,HomePage_Case_220,http://localhost:8080,PetClinic :: a Spring Framework demonstration,Home,Find Owners,Veterinarians,Extended scenario 220
221,HomePage_Case_221,http://localhost:8080,PetClinic :: a Spring Framework demonstration,Home,Find Owners,Veterinarians,Baseline scenario 221
222,HomePage_Case_222,http://localhost:8080/,PetClinic :: a Spring Framework demonstration,Home,Find Owners,Veterinarians,Root slash scenario 222
223,HomePage_Case_223,http://localhost:8080,PetClinic :: a Spring Framework demonstration,Home,Find Owners,Veterinarians,Home page scenario 223
224,HomePage_Case_224,http://localhost:8080,PetClinic :: a Spring Framework demonstration,Home,Find Owners,Veterinarians,Navigation scenario 224
225,HomePage_Case_225,http://localhost:8080,PetClinic :: a Spring Framework demonstration,Home,Find Owners,Veterinarians,Menu check scenario 225
226,HomePage_Case_226,http://localhost:8080,PetClinic :: a Spring Framework demonstration,Home,Find Owners,Veterinarians,Element presence 226
227,HomePage_Case_227,http://localhost:8080,PetClinic :: a Spring Framework demonstration,Home,Find Owners,Veterinarians,Title check 227
228,HomePage_Case_228,http://localhost:8080,PetClinic :: a Spring Framework demonstration,Home,Find Owners,Veterinarians,Layout validation 228
229,HomePage_Case_229,http://localhost:8080,PetClinic :: a Spring Framework demonstration,Home,Find Owners,Veterinarians,Link validation 229
230,HomePage_Case_230,http://localhost:8080,PetClinic :: a Spring Framework demonstration,Home,Find Owners,Veterinarians,Extended scenario 230
231,HomePage_Case_231,http://localhost:8080,PetClinic :: a Spring Framework demonstration,Home,Find Owners,Veterinarians,Baseline scenario 231
232,HomePage_Case_232,http://localhost:8080/,PetClinic :: a Spring Framework demonstration,Home,Find Owners,Veterinarians,Root slash scenario 232
233,HomePage_Case_233,http://localhost:8080,PetClinic :: a Spring Framework demonstration,Home,Find Owners,Veterinarians,Home page scenario 233
234,HomePage_Case_234,http://localhost:8080,PetClinic :: a Spring Framework demonstration,Home,Find Owners,Veterinarians,Navigation scenario 234
235,HomePage_Case_235,http://localhost:8080,PetClinic :: a Spring Framework demonstration,Home,Find Owners,Veterinarians,Menu check scenario 235
236,HomePage_Case_236,http://localhost:8080,PetClinic :: a Spring Framework demonstration,Home,Find Owners,Veterinarians,Element presence 236
237,HomePage_Case_237,http://localhost:8080,PetClinic :: a Spring Framework demonstration,Home,Find Owners,Veterinarians,Title check 237
238,HomePage_Case_238,http://localhost:8080,PetClinic :: a Spring Framework demonstration,Home,Find Owners,Veterinarians,Layout validation 238
239,HomePage_Case_239,http://localhost:8080,PetClinic :: a Spring Framework demonstration,Home,Find Owners,Veterinarians,Link validation 239
240,HomePage_Case_240,http://localhost:8080,PetClinic :: a Spring Framework demonstration,Home,Find Owners,Veterinarians,Extended scenario 240
241,HomePage_Case_241,http://localhost:8080,PetClinic :: a Spring Framework demonstration,Home,Find Owners,Veterinarians,Baseline scenario 241
242,HomePage_Case_242,http://localhost:8080/,PetClinic :: a Spring Framework demonstration,Home,Find Owners,Veterinarians,Root slash scenario 242
243,HomePage_Case_243,http://localhost:8080,PetClinic :: a Spring Framework demonstration,Home,Find Owners,Veterinarians,Home page scenario 243
244,HomePage_Case_244,http://localhost:8080,PetClinic :: a Spring Framework demonstration,Home,Find Owners,Veterinarians,Navigation scenario 244
245,HomePage_Case_245,http://localhost:8080,PetClinic :: a Spring Framework demonstration,Home,Find Owners,Veterinarians,Menu check scenario 245
246,HomePage_Case_246,http://localhost:8080,PetClinic :: a Spring Framework demonstration,Home,Find Owners,Veterinarians,Element presence 246
247,HomePage_Case_247,http://localhost:8080,PetClinic :: a Spring Framework demonstration,Home,Find Owners,Veterinarians,Title check 247
248,HomePage_Case_248,http://localhost:8080,PetClinic :: a Spring Framework demonstration,Home,Find Owners,Veterinarians,Layout validation 248
249,HomePage_Case_249,http://localhost:8080,PetClinic :: a Spring Framework demonstration,Home,Find Owners,Veterinarians,Link validation 249
250,HomePage_Case_250,http://localhost:8080,PetClinic :: a Spring Framework demonstration,Home,Find Owners,Veterinarians,Extended scenario 250
251,HomePage_Case_251,http://localhost:8080,PetClinic :: a Spring Framework demonstration,Home,Find Owners,Veterinarians,Baseline scenario 251
252,HomePage_Case_252,http://localhost:8080/,PetClinic :: a Spring Framework demonstration,Home,Find Owners,Veterinarians,Root slash scenario 252
253,HomePage_Case_253,http://localhost:8080,PetClinic :: a Spring Framework demonstration,Home,Find Owners,Veterinarians,Home page scenario 253
254,HomePage_Case_254,http://localhost:8080,PetClinic :: a Spring Framework demonstration,Home,Find Owners,Veterinarians,Navigation scenario 254
255,HomePage_Case_255,http://localhost:8080,PetClinic :: a Spring Framework demonstration,Home,Find Owners,Veterinarians,Menu check scenario 255
256,HomePage_Case_256,http://localhost:8080,PetClinic :: a Spring Framework demonstration,Home,Find Owners,Veterinarians,Element presence 256
257,HomePage_Case_257,http://localhost:8080,PetClinic :: a Spring Framework demonstration,Home,Find Owners,Veterinarians,Title check 257
258,HomePage_Case_258,http://localhost:8080,PetClinic :: a Spring Framework demonstration,Home,Find Owners,Veterinarians,Layout validation 258
259,HomePage_Case_259,http://localhost:8080,PetClinic :: a Spring Framework demonstration,Home,Find Owners,Veterinarians,Link validation 259
260,HomePage_Case_260,http://localhost:8080,PetClinic :: a Spring Framework demonstration,Home,Find Owners,Veterinarians,Extended scenario 260
261,HomePage_Case_261,http://localhost:8080,PetClinic :: a Spring Framework demonstration,Home,Find Owners,Veterinarians,Baseline scenario 261
262,HomePage_Case_262,http://localhost:8080/,PetClinic :: a Spring Framework demonstration,Home,Find Owners,Veterinarians,Root slash scenario 262
263,HomePage_Case_263,http://localhost:8080,PetClinic :: a Spring Framework demonstration,Home,Find Owners,Veterinarians,Home page scenario 263
264,HomePage_Case_264,http://localhost:8080,PetClinic :: a Spring Framework demonstration,Home,Find Owners,Veterinarians,Navigation scenario 264
265,HomePage_Case_265,http://localhost:8080,PetClinic :: a Spring Framework demonstration,Home,Find Owners,Veterinarians,Menu check scenario 265
266,HomePage_Case_266,http://localhost:8080,PetClinic :: a Spring Framework demonstration,Home,Find Owners,Veterinarians,Element presence 266
267,HomePage_Case_267,http://localhost:8080,PetClinic :: a Spring Framework demonstration,Home,Find Owners,Veterinarians,Title check 267
268,HomePage_Case_268,http://localhost:8080,PetClinic :: a Spring Framework demonstration,Home,Find Owners,Veterinarians,Layout validation 268
269,HomePage_Case_269,http://localhost:8080,PetClinic :: a Spring Framework demonstration,Home,Find Owners,Veterinarians,Link validation 269
270,HomePage_Case_270,http://localhost:8080,PetClinic :: a Spring Framework demonstration,Home,Find Owners,Veterinarians,Extended scenario 270
271,HomePage_Case_271,http://localhost:8080,PetClinic :: a Spring Framework demonstration,Home,Find Owners,Veterinarians,Baseline scenario 271
272,HomePage_Case_272,http://localhost:8080/,PetClinic :: a Spring Framework demonstration,Home,Find Owners,Veterinarians,Root slash scenario 272
273,HomePage_Case_273,http://localhost:8080,PetClinic :: a Spring Framework demonstration,Home,Find Owners,Veterinarians,Home page scenario 273
274,HomePage_Case_274,http://localhost:8080,PetClinic :: a Spring Framework demonstration,Home,Find Owners,Veterinarians,Navigation scenario 274
275,HomePage_Case_275,http://localhost:8080,PetClinic :: a Spring Framework demonstration,Home,Find Owners,Veterinarians,Menu check scenario 275
276,HomePage_Case_276,http://localhost:8080,PetClinic :: a Spring Framework demonstration,Home,Find Owners,Veterinarians,Element presence 276
277,HomePage_Case_277,http://localhost:8080,PetClinic :: a Spring Framework demonstration,Home,Find Owners,Veterinarians,Title check 277
278,HomePage_Case_278,http://localhost:8080,PetClinic :: a Spring Framework demonstration,Home,Find Owners,Veterinarians,Layout validation 278
279,HomePage_Case_279,http://localhost:8080,PetClinic :: a Spring Framework demonstration,Home,Find Owners,Veterinarians,Link validation 279
280,HomePage_Case_280,http://localhost:8080,PetClinic :: a Spring Framework demonstration,Home,Find Owners,Veterinarians,Extended scenario 280
281,HomePage_Case_281,http://localhost:8080,PetClinic :: a Spring Framework demonstration,Home,Find Owners,Veterinarians,Baseline scenario 281
282,HomePage_Case_282,http://localhost:8080/,PetClinic :: a Spring Framework demonstration,Home,Find Owners,Veterinarians,Root slash scenario 282
283,HomePage_Case_283,http://localhost:8080,PetClinic :: a Spring Framework demonstration,Home,Find Owners,Veterinarians,Home page scenario 283
284,HomePage_Case_284,http://localhost:8080,PetClinic :: a Spring Framework demonstration,Home,Find Owners,Veterinarians,Navigation scenario 284
285,HomePage_Case_285,http://localhost:8080,PetClinic :: a Spring Framework demonstration,Home,Find Owners,Veterinarians,Menu check scenario 285
286,HomePage_Case_286,http://localhost:8080,PetClinic :: a Spring Framework demonstration,Home,Find Owners,Veterinarians,Element presence 286
287,HomePage_Case_287,http://localhost:8080,PetClinic :: a Spring Framework demonstration,Home,Find Owners,Veterinarians,Title check 287
288,HomePage_Case_288,http://localhost:8080,PetClinic :: a Spring Framework demonstration,Home,Find Owners,Veterinarians,Layout validation 288
289,HomePage_Case_289,http://localhost:8080,PetClinic :: a Spring Framework demonstration,Home,Find Owners,Veterinarians,Link validation 289
290,HomePage_Case_290,http://localhost:8080,PetClinic :: a Spring Framework demonstration,Home,Find Owners,Veterinarians,Extended scenario 290
291,HomePage_Case_291,http://localhost:8080,PetClinic :: a Spring Framework demonstration,Home,Find Owners,Veterinarians,Baseline scenario 291
292,HomePage_Case_292,http://localhost:8080/,PetClinic :: a Spring Framework demonstration,Home,Find Owners,Veterinarians,Root slash scenario 292
293,HomePage_Case_293,http://localhost:8080,PetClinic :: a Spring Framework demonstration,Home,Find Owners,Veterinarians,Home page scenario 293
294,HomePage_Case_294,http://localhost:8080,PetClinic :: a Spring Framework demonstration,Home,Find Owners,Veterinarians,Navigation scenario 294
295,HomePage_Case_295,http://localhost:8080,PetClinic :: a Spring Framework demonstration,Home,Find Owners,Veterinarians,Menu check scenario 295
296,HomePage_Case_296,http://localhost:8080,PetClinic :: a Spring Framework demonstration,Home,Find Owners,Veterinarians,Element presence 296
297,HomePage_Case_297,http://localhost:8080,PetClinic :: a Spring Framework demonstration,Home,Find Owners,Veterinarians,Title check 297
298,HomePage_Case_298,http://localhost:8080,PetClinic :: a Spring Framework demonstration,Home,Find Owners,Veterinarians,Layout validation 298
299,HomePage_Case_299,http://localhost:8080,PetClinic :: a Spring Framework demonstration,Home,Find Owners,Veterinarians,Link validation 299
300,HomePage_Case_300,http://localhost:8080,PetClinic :: a Spring Framework demonstration,Home,Find Owners,Veterinarians,Extended scenario 300
301,HomePage_Case_301,http://localhost:8080,PetClinic :: a Spring Framework demonstration,Home,Find Owners,Veterinarians,Baseline scenario 301
302,HomePage_Case_302,http://localhost:8080/,PetClinic :: a Spring Framework demonstration,Home,Find Owners,Veterinarians,Root slash scenario 302
303,HomePage_Case_303,http://localhost:8080,PetClinic :: a Spring Framework demonstration,Home,Find Owners,Veterinarians,Home page scenario 303
304,HomePage_Case_304,http://localhost:8080,PetClinic :: a Spring Framework demonstration,Home,Find Owners,Veterinarians,Navigation scenario 304
305,HomePage_Case_305,http://localhost:8080,PetClinic :: a Spring Framework demonstration,Home,Find Owners,Veterinarians,Menu check scenario 305
306,HomePage_Case_306,http://localhost:8080,PetClinic :: a Spring Framework demonstration,Home,Find Owners,Veterinarians,Element presence 306
307,HomePage_Case_307,http://localhost:8080,PetClinic :: a Spring Framework demonstration,Home,Find Owners,Veterinarians,Title check 307
308,HomePage_Case_308,http://localhost:8080,PetClinic :: a Spring Framework demonstration,Home,Find Owners,Veterinarians,Layout validation 308
309,HomePage_Case_309,http://localhost:8080,PetClinic :: a Spring Framework demonstration,Home,Find Owners,Veterinarians,Link validation 309
310,HomePage_Case_310,http://localhost:8080,PetClinic :: a Spring Framework demonstration,Home,Find Owners,Veterinarians,Extended scenario 310
311,HomePage_Case_311,http://localhost:8080,PetClinic :: a Spring Framework demonstration,Home,Find Owners,Veterinarians,Baseline scenario 311
312,HomePage_Case_312,http://localhost:8080/,PetClinic :: a Spring Framework demonstration,Home,Find Owners,Veterinarians,Root slash scenario 312
313,HomePage_Case_313,http://localhost:8080,PetClinic :: a Spring Framework demonstration,Home,Find Owners,Veterinarians,Home page scenario 313
314,HomePage_Case_314,http://localhost:8080,PetClinic :: a Spring Framework demonstration,Home,Find Owners,Veterinarians,Navigation scenario 314
315,HomePage_Case_315,http://localhost:8080,PetClinic :: a Spring Framework demonstration,Home,Find Owners,Veterinarians,Menu check scenario 315
316,HomePage_Case_316,http://localhost:8080,PetClinic :: a Spring Framework demonstration,Home,Find Owners,Veterinarians,Element presence 316
317,HomePage_Case_317,http://localhost:8080,PetClinic :: a Spring Framework demonstration,Home,Find Owners,Veterinarians,Title check 317
318,HomePage_Case_318,http://localhost:8080,PetClinic :: a Spring Framework demonstration,Home,Find Owners,Veterinarians,Layout validation 318
319,HomePage_Case_319,http://localhost:8080,PetClinic :: a Spring Framework demonstration,Home,Find Owners,Veterinarians,Link validation 319
320,HomePage_Case_320,http://localhost:8080,PetClinic :: a Spring Framework demonstration,Home,Find Owners,Veterinarians,Extended scenario 320
321,HomePage_Case_321,http://localhost:8080,PetClinic :: a Spring Framework demonstration,Home,Find Owners,Veterinarians,Baseline scenario 321
322,HomePage_Case_322,http://localhost:8080/,PetClinic :: a Spring Framework demonstration,Home,Find Owners,Veterinarians,Root slash scenario 322
323,HomePage_Case_323,http://localhost:8080,PetClinic :: a Spring Framework demonstration,Home,Find Owners,Veterinarians,Home page scenario 323
324,HomePage_Case_324,http://localhost:8080,PetClinic :: a Spring Framework demonstration,Home,Find Owners,Veterinarians,Navigation scenario 324
325,HomePage_Case_325,http://localhost:8080,PetClinic :: a Spring Framework demonstration,Home,Find Owners,Veterinarians,Menu check scenario 325
326,HomePage_Case_326,http://localhost:8080,PetClinic :: a Spring Framework demonstration,Home,Find Owners,Veterinarians,Element presence 326
327,HomePage_Case_327,http://localhost:8080,PetClinic :: a Spring Framework demonstration,Home,Find Owners,Veterinarians,Title check 327
328,HomePage_Case_328,http://localhost:8080,PetClinic :: a Spring Framework demonstration,Home,Find Owners,Veterinarians,Layout validation 328
329,HomePage_Case_329,http://localhost:8080,PetClinic :: a Spring Framework demonstration,Home,Find Owners,Veterinarians,Link validation 329
330,HomePage_Case_330,http://localhost:8080,PetClinic :: a Spring Framework demonstration,Home,Find Owners,Veterinarians,Extended scenario 330
331,HomePage_Case_331,http://localhost:8080,PetClinic :: a Spring Framework demonstration,Home,Find Owners,Veterinarians,Baseline scenario 331
332,HomePage_Case_332,http://localhost:8080/,PetClinic :: a Spring Framework demonstration,Home,Find Owners,Veterinarians,Root slash scenario 332
333,HomePage_Case_333,http://localhost:8080,PetClinic :: a Spring Framework demonstration,Home,Find Owners,Veterinarians,Home page scenario 333
334,HomePage_Case_334,http://localhost:8080,PetClinic :: a Spring Framework demonstration,Home,Find Owners,Veterinarians,Navigation scenario 334
335,HomePage_Case_335,http://localhost:8080,PetClinic :: a Spring Framework demonstration,Home,Find Owners,Veterinarians,Menu check scenario 335
336,HomePage_Case_336,http://localhost:8080,PetClinic :: a Spring Framework demonstration,Home,Find Owners,Veterinarians,Element presence 336
337,HomePage_Case_337,http://localhost:8080,PetClinic :: a Spring Framework demonstration,Home,Find Owners,Veterinarians,Title check 337
338,HomePage_Case_338,http://localhost:8080,PetClinic :: a Spring Framework demonstration,Home,Find Owners,Veterinarians,Layout validation 338
339,HomePage_Case_339,http://localhost:8080,PetClinic :: a Spring Framework demonstration,Home,Find Owners,Veterinarians,Link validation 339
340,HomePage_Case_340,http://localhost:8080,PetClinic :: a Spring Framework demonstration,Home,Find Owners,Veterinarians,Extended scenario 340
341,HomePage_Case_341,http://localhost:8080,PetClinic :: a Spring Framework demonstration,Home,Find Owners,Veterinarians,Baseline scenario 341
342,HomePage_Case_342,http://localhost:8080/,PetClinic :: a Spring Framework demonstration,Home,Find Owners,Veterinarians,Root slash scenario 342
343,HomePage_Case_343,http://localhost:8080,PetClinic :: a Spring Framework demonstration,Home,Find Owners,Veterinarians,Home page scenario 343
344,HomePage_Case_344,http://localhost:8080,PetClinic :: a Spring Framework demonstration,Home,Find Owners,Veterinarians,Navigation scenario 344
345,HomePage_Case_345,http://localhost:8080,PetClinic :: a Spring Framework demonstration,Home,Find Owners,Veterinarians,Menu check scenario 345
346,HomePage_Case_346,http://localhost:8080,PetClinic :: a Spring Framework demonstration,Home,Find Owners,Veterinarians,Element presence 346
347,HomePage_Case_347,http://localhost:8080,PetClinic :: a Spring Framework demonstration,Home,Find Owners,Veterinarians,Title check 347
348,HomePage_Case_348,http://localhost:8080,PetClinic :: a Spring Framework demonstration,Home,Find Owners,Veterinarians,Layout validation 348
349,HomePage_Case_349,http://localhost:8080,PetClinic :: a Spring Framework demonstration,Home,Find Owners,Veterinarians,Link validation 349
350,HomePage_Case_350,http://localhost:8080,PetClinic :: a Spring Framework demonstration,Home,Find Owners,Veterinarians,Extended scenario 350
351,HomePage_Case_351,http://localhost:8080,PetClinic :: a Spring Framework demonstration,Home,Find Owners,Veterinarians,Baseline scenario 351
352,HomePage_Case_352,http://localhost:8080/,PetClinic :: a Spring Framework demonstration,Home,Find Owners,Veterinarians,Root slash scenario 352
353,HomePage_Case_353,http://localhost:8080,PetClinic :: a Spring Framework demonstration,Home,Find Owners,Veterinarians,Home page scenario 353
354,HomePage_Case_354,http://localhost:8080,PetClinic :: a Spring Framework demonstration,Home,Find Owners,Veterinarians,Navigation scenario 354
355,HomePage_Case_355,http://localhost:8080,PetClinic :: a Spring Framework demonstration,Home,Find Owners,Veterinarians,Menu check scenario 355
356,HomePage_Case_356,http://localhost:8080,PetClinic :: a Spring Framework demonstration,Home,Find Owners,Veterinarians,Element presence 356
357,HomePage_Case_357,http://localhost:8080,PetClinic :: a Spring Framework demonstration,Home,Find Owners,Veterinarians,Title check 357
358,HomePage_Case_358,http://localhost:8080,PetClinic :: a Spring Framework demonstration,Home,Find Owners,Veterinarians,Layout validation 358
359,HomePage_Case_359,http://localhost:8080,PetClinic :: a Spring Framework demonstration,Home,Find Owners,Veterinarians,Link validation 359
360,HomePage_Case_360,http://localhost:8080,PetClinic :: a Spring Framework demonstration,Home,Find Owners,Veterinarians,Extended scenario 360
361,HomePage_Case_361,http://localhost:8080,PetClinic :: a Spring Framework demonstration,Home,Find Owners,Veterinarians,Baseline scenario 361
362,HomePage_Case_362,http://localhost:8080/,PetClinic :: a Spring Framework demonstration,Home,Find Owners,Veterinarians,Root slash scenario 362
363,HomePage_Case_363,http://localhost:8080,PetClinic :: a Spring Framework demonstration,Home,Find Owners,Veterinarians,Home page scenario 363
364,HomePage_Case_364,http://localhost:8080,PetClinic :: a Spring Framework demonstration,Home,Find Owners,Veterinarians,Navigation scenario 364
365,HomePage_Case_365,http://localhost:8080,PetClinic :: a Spring Framework demonstration,Home,Find Owners,Veterinarians,Menu check scenario 365
366,HomePage_Case_366,http://localhost:8080,PetClinic :: a Spring Framework demonstration,Home,Find Owners,Veterinarians,Element presence 366
367,HomePage_Case_367,http://localhost:8080,PetClinic :: a Spring Framework demonstration,Home,Find Owners,Veterinarians,Title check 367
368,HomePage_Case_368,http://localhost:8080,PetClinic :: a Spring Framework demonstration,Home,Find Owners,Veterinarians,Layout validation 368
369,HomePage_Case_369,http://localhost:8080,PetClinic :: a Spring Framework demonstration,Home,Find Owners,Veterinarians,Link validation 369
370,HomePage_Case_370,http://localhost:8080,PetClinic :: a Spring Framework demonstration,Home,Find Owners,Veterinarians,Extended scenario 370
371,HomePage_Case_371,http://localhost:8080,PetClinic :: a Spring Framework demonstration,Home,Find Owners,Veterinarians,Baseline scenario 371
372,HomePage_Case_372,http://localhost:8080/,PetClinic :: a Spring Framework demonstration,Home,Find Owners,Veterinarians,Root slash scenario 372
373,HomePage_Case_373,http://localhost:8080,PetClinic :: a Spring Framework demonstration,Home,Find Owners,Veterinarians,Home page scenario 373
374,HomePage_Case_374,http://localhost:8080,PetClinic :: a Spring Framework demonstration,Home,Find Owners,Veterinarians,Navigation scenario 374
375,HomePage_Case_375,http://localhost:8080,PetClinic :: a Spring Framework demonstration,Home,Find Owners,Veterinarians,Menu check scenario 375
376,HomePage_Case_376,http://localhost:8080,PetClinic :: a Spring Framework demonstration,Home,Find Owners,Veterinarians,Element presence 376
377,HomePage_Case_377,http://localhost:8080,PetClinic :: a Spring Framework demonstration,Home,Find Owners,Veterinarians,Title check 377
378,HomePage_Case_378,http://localhost:8080,PetClinic :: a Spring Framework demonstration,Home,Find Owners,Veterinarians,Layout validation 378
379,HomePage_Case_379,http://localhost:8080,PetClinic :: a Spring Framework demonstration,Home,Find Owners,Veterinarians,Link validation 379
380,HomePage_Case_380,http://localhost:8080,PetClinic :: a Spring Framework demonstration,Home,Find Owners,Veterinarians,Extended scenario 380
381,HomePage_Case_381,http://localhost:8080,PetClinic :: a Spring Framework demonstration,Home,Find Owners,Veterinarians,Baseline scenario 381
382,HomePage_Case_382,http://localhost:8080/,PetClinic :: a Spring Framework demonstration,Home,Find Owners,Veterinarians,Root slash scenario 382
383,HomePage_Case_383,http://localhost:8080,PetClinic :: a Spring Framework demonstration,Home,Find Owners,Veterinarians,Home page scenario 383
384,HomePage_Case_384,http://localhost:8080,PetClinic :: a Spring Framework demonstration,Home,Find Owners,Veterinarians,Navigation scenario 384
385,HomePage_Case_385,http://localhost:8080,PetClinic :: a Spring Framework demonstration,Home,Find Owners,Veterinarians,Menu check scenario 385
386,HomePage_Case_386,http://localhost:8080,PetClinic :: a Spring Framework demonstration,Home,Find Owners,Veterinarians,Element presence 386
387,HomePage_Case_387,http://localhost:8080,PetClinic :: a Spring Framework demonstration,Home,Find Owners,Veterinarians,Title check 387
388,HomePage_Case_388,http://localhost:8080,PetClinic :: a Spring Framework demonstration,Home,Find Owners,Veterinarians,Layout validation 388
389,HomePage_Case_389,http://localhost:8080,PetClinic :: a Spring Framework demonstration,Home,Find Owners,Veterinarians,Link validation 389
390,HomePage_Case_390,http://localhost:8080,PetClinic :: a Spring Framework demonstration,Home,Find Owners,Veterinarians,Extended scenario 390
391,HomePage_Case_391,http://localhost:8080,PetClinic :: a Spring Framework demonstration,Home,Find Owners,Veterinarians,Baseline scenario 391
392,HomePage_Case_392,http://localhost:8080/,PetClinic :: a Spring Framework demonstration,Home,Find Owners,Veterinarians,Root slash scenario 392
393,HomePage_Case_393,http://localhost:8080,PetClinic :: a Spring Framework demonstration,Home,Find Owners,Veterinarians,Home page scenario 393
394,HomePage_Case_394,http://localhost:8080,PetClinic :: a Spring Framework demonstration,Home,Find Owners,Veterinarians,Navigation scenario 394
395,HomePage_Case_395,http://localhost:8080,PetClinic :: a Spring Framework demonstration,Home,Find Owners,Veterinarians,Menu check scenario 395
396,HomePage_Case_396,http://localhost:8080,PetClinic :: a Spring Framework demonstration,Home,Find Owners,Veterinarians,Element presence 396
397,HomePage_Case_397,http://localhost:8080,PetClinic :: a Spring Framework demonstration,Home,Find Owners,Veterinarians,Title check 397
398,HomePage_Case_398,http://localhost:8080,PetClinic :: a Spring Framework demonstration,Home,Find Owners,Veterinarians,Layout validation 398
399,HomePage_Case_399,http://localhost:8080,PetClinic :: a Spring Framework demonstration,Home,Find Owners,Veterinarians,Link validation 399
400,HomePage_Case_400,http://localhost:8080,PetClinic :: a Spring Framework demonstration,Home,Find Owners,Veterinarians,Extended scenario 400
401,HomePage_Case_401,http://localhost:8080,PetClinic :: a Spring Framework demonstration,Home,Find Owners,Veterinarians,Baseline scenario 401
402,HomePage_Case_402,http://localhost:8080/,PetClinic :: a Spring Framework demonstration,Home,Find Owners,Veterinarians,Root slash scenario 402
403,HomePage_Case_403,http://localhost:8080,PetClinic :: a Spring Framework demonstration,Home,Find Owners,Veterinarians,Home page scenario 403
404,HomePage_Case_404,http://localhost:8080,PetClinic :: a Spring Framework demonstration,Home,Find Owners,Veterinarians,Navigation scenario 404
405,HomePage_Case_405,http://localhost:8080,PetClinic :: a Spring Framework demonstration,Home,Find Owners,Veterinarians,Menu check scenario 405
406,HomePage_Case_406,http://localhost:8080,PetClinic :: a Spring Framework demonstration,Home,Find Owners,Veterinarians,Element presence 406
407,HomePage_Case_407,http://localhost:8080,PetClinic :: a Spring Framework demonstration,Home,Find Owners,Veterinarians,Title check 407
408,HomePage_Case_408,http://localhost:8080,PetClinic :: a Spring Framework demonstration,Home,Find Owners,Veterinarians,Layout validation 408
409,HomePage_Case_409,http://localhost:8080,PetClinic :: a Spring Framework demonstration,Home,Find Owners,Veterinarians,Link validation 409
410,HomePage_Case_410,http://localhost:8080,PetClinic :: a Spring Framework demonstration,Home,Find Owners,Veterinarians,Extended scenario 410
411,HomePage_Case_411,http://localhost:8080,PetClinic :: a Spring Framework demonstration,Home,Find Owners,Veterinarians,Baseline scenario 411
412,HomePage_Case_412,http://localhost:8080/,PetClinic :: a Spring Framework demonstration,Home,Find Owners,Veterinarians,Root slash scenario 412
413,HomePage_Case_413,http://localhost:8080,PetClinic :: a Spring Framework demonstration,Home,Find Owners,Veterinarians,Home page scenario 413
414,HomePage_Case_414,http://localhost:8080,PetClinic :: a Spring Framework demonstration,Home,Find Owners,Veterinarians,Navigation scenario 414
415,HomePage_Case_415,http://localhost:8080,PetClinic :: a Spring Framework demonstration,Home,Find Owners,Veterinarians,Menu check scenario 415
416,HomePage_Case_416,http://localhost:8080,PetClinic :: a Spring Framework demonstration,Home,Find Owners,Veterinarians,Element presence 416
417,HomePage_Case_417,http://localhost:8080,PetClinic :: a Spring Framework demonstration,Home,Find Owners,Veterinarians,Title check 417
418,HomePage_Case_418,http://localhost:8080,PetClinic :: a Spring Framework demonstration,Home,Find Owners,Veterinarians,Layout validation 418
419,HomePage_Case_419,http://localhost:8080,PetClinic :: a Spring Framework demonstration,Home,Find Owners,Veterinarians,Link validation 419
420,HomePage_Case_420,http://localhost:8080,PetClinic :: a Spring Framework demonstration,Home,Find Owners,Veterinarians,Extended scenario 420
421,HomePage_Case_421,http://localhost:8080,PetClinic :: a Spring Framework demonstration,Home,Find Owners,Veterinarians,Baseline scenario 421
422,HomePage_Case_422,http://localhost:8080/,PetClinic :: a Spring Framework demonstration,Home,Find Owners,Veterinarians,Root slash scenario 422
423,HomePage_Case_423,http://localhost:8080,PetClinic :: a Spring Framework demonstration,Home,Find Owners,Veterinarians,Home page scenario 423
424,HomePage_Case_424,http://localhost:8080,PetClinic :: a Spring Framework demonstration,Home,Find Owners,Veterinarians,Navigation scenario 424
425,HomePage_Case_425,http://localhost:8080,PetClinic :: a Spring Framework demonstration,Home,Find Owners,Veterinarians,Menu check scenario 425
426,HomePage_Case_426,http://localhost:8080,PetClinic :: a Spring Framework demonstration,Home,Find Owners,Veterinarians,Element presence 426
427,HomePage_Case_427,http://localhost:8080,PetClinic :: a Spring Framework demonstration,Home,Find Owners,Veterinarians,Title check 427
428,HomePage_Case_428,http://localhost:8080,PetClinic :: a Spring Framework demonstration,Home,Find Owners,Veterinarians,Layout validation 428
429,HomePage_Case_429,http://localhost:8080,PetClinic :: a Spring Framework demonstration,Home,Find Owners,Veterinarians,Link validation 429
430,HomePage_Case_430,http://localhost:8080,PetClinic :: a Spring Framework demonstration,Home,Find Owners,Veterinarians,Extended scenario 430
431,HomePage_Case_431,http://localhost:8080,PetClinic :: a Spring Framework demonstration,Home,Find Owners,Veterinarians,Baseline scenario 431
432,HomePage_Case_432,http://localhost:8080/,PetClinic :: a Spring Framework demonstration,Home,Find Owners,Veterinarians,Root slash scenario 432
433,HomePage_Case_433,http://localhost:8080,PetClinic :: a Spring Framework demonstration,Home,Find Owners,Veterinarians,Home page scenario 433
434,HomePage_Case_434,http://localhost:8080,PetClinic :: a Spring Framework demonstration,Home,Find Owners,Veterinarians,Navigation scenario 434
435,HomePage_Case_435,http://localhost:8080,PetClinic :: a Spring Framework demonstration,Home,Find Owners,Veterinarians,Menu check scenario 435
436,HomePage_Case_436,http://localhost:8080,PetClinic :: a Spring Framework demonstration,Home,Find Owners,Veterinarians,Element presence 436
437,HomePage_Case_437,http://localhost:8080,PetClinic :: a Spring Framework demonstration,Home,Find Owners,Veterinarians,Title check 437
438,HomePage_Case_438,http://localhost:8080,PetClinic :: a Spring Framework demonstration,Home,Find Owners,Veterinarians,Layout validation 438
439,HomePage_Case_439,http://localhost:8080,PetClinic :: a Spring Framework demonstration,Home,Find Owners,Veterinarians,Link validation 439
440,HomePage_Case_440,http://localhost:8080,PetClinic :: a Spring Framework demonstration,Home,Find Owners,Veterinarians,Extended scenario 440
441,HomePage_Case_441,http://localhost:8080,PetClinic :: a Spring Framework demonstration,Home,Find Owners,Veterinarians,Baseline scenario 441
442,HomePage_Case_442,http://localhost:8080/,PetClinic :: a Spring Framework demonstration,Home,Find Owners,Veterinarians,Root slash scenario 442
443,HomePage_Case_443,http://localhost:8080,PetClinic :: a Spring Framework demonstration,Home,Find Owners,Veterinarians,Home page scenario 443
444,HomePage_Case_444,http://localhost:8080,PetClinic :: a Spring Framework demonstration,Home,Find Owners,Veterinarians,Navigation scenario 444
445,HomePage_Case_445,http://localhost:8080,PetClinic :: a Spring Framework demonstration,Home,Find Owners,Veterinarians,Menu check scenario 445
446,HomePage_Case_446,http://localhost:8080,PetClinic :: a Spring Framework demonstration,Home,Find Owners,Veterinarians,Element presence 446
447,HomePage_Case_447,http://localhost:8080,PetClinic :: a Spring Framework demonstration,Home,Find Owners,Veterinarians,Title check 447
448,HomePage_Case_448,http://localhost:8080,PetClinic :: a Spring Framework demonstration,Home,Find Owners,Veterinarians,Layout validation 448
449,HomePage_Case_449,http://localhost:8080,PetClinic :: a Spring Framework demonstration,Home,Find Owners,Veterinarians,Link validation 449
450,HomePage_Case_450,http://localhost:8080,PetClinic :: a Spring Framework demonstration,Home,Find Owners,Veterinarians,Extended scenario 450
451,HomePage_Case_451,http://localhost:8080,PetClinic :: a Spring Framework demonstration,Home,Find Owners,Veterinarians,Baseline scenario 451
452,HomePage_Case_452,http://localhost:8080/,PetClinic :: a Spring Framework demonstration,Home,Find Owners,Veterinarians,Root slash scenario 452
453,HomePage_Case_453,http://localhost:8080,PetClinic :: a Spring Framework demonstration,Home,Find Owners,Veterinarians,Home page scenario 453
454,HomePage_Case_454,http://localhost:8080,PetClinic :: a Spring Framework demonstration,Home,Find Owners,Veterinarians,Navigation scenario 454
455,HomePage_Case_455,http://localhost:8080,PetClinic :: a Spring Framework demonstration,Home,Find Owners,Veterinarians,Menu check scenario 455
456,HomePage_Case_456,http://localhost:8080,PetClinic :: a Spring Framework demonstration,Home,Find Owners,Veterinarians,Element presence 456
457,HomePage_Case_457,http://localhost:8080,PetClinic :: a Spring Framework demonstration,Home,Find Owners,Veterinarians,Title check 457
458,HomePage_Case_458,http://localhost:8080,PetClinic :: a Spring Framework demonstration,Home,Find Owners,Veterinarians,Layout validation 458
459,HomePage_Case_459,http://localhost:8080,PetClinic :: a Spring Framework demonstration,Home,Find Owners,Veterinarians,Link validation 459
460,HomePage_Case_460,http://localhost:8080,PetClinic :: a Spring Framework demonstration,Home,Find Owners,Veterinarians,Extended scenario 460
461,HomePage_Case_461,http://localhost:8080,PetClinic :: a Spring Framework demonstration,Home,Find Owners,Veterinarians,Baseline scenario 461
462,HomePage_Case_462,http://localhost:8080/,PetClinic :: a Spring Framework demonstration,Home,Find Owners,Veterinarians,Root slash scenario 462
463,HomePage_Case_463,http://localhost:8080,PetClinic :: a Spring Framework demonstration,Home,Find Owners,Veterinarians,Home page scenario 463
464,HomePage_Case_464,http://localhost:8080,PetClinic :: a Spring Framework demonstration,Home,Find Owners,Veterinarians,Navigation scenario 464
465,HomePage_Case_465,http://localhost:8080,PetClinic :: a Spring Framework demonstration,Home,Find Owners,Veterinarians,Menu check scenario 465
466,HomePage_Case_466,http://localhost:8080,PetClinic :: a Spring Framework demonstration,Home,Find Owners,Veterinarians,Element presence 466
467,HomePage_Case_467,http://localhost:8080,PetClinic :: a Spring Framework demonstration,Home,Find Owners,Veterinarians,Title check 467
468,HomePage_Case_468,http://localhost:8080,PetClinic :: a Spring Framework demonstration,Home,Find Owners,Veterinarians,Layout validation 468
469,HomePage_Case_469,http://localhost:8080,PetClinic :: a Spring Framework demonstration,Home,Find Owners,Veterinarians,Link validation 469
470,HomePage_Case_470,http://localhost:8080,PetClinic :: a Spring Framework demonstration,Home,Find Owners,Veterinarians,Extended scenario 470
471,HomePage_Case_471,http://localhost:8080,PetClinic :: a Spring Framework demonstration,Home,Find Owners,Veterinarians,Baseline scenario 471
472,HomePage_Case_472,http://localhost:8080/,PetClinic :: a Spring Framework demonstration,Home,Find Owners,Veterinarians,Root slash scenario 472
473,HomePage_Case_473,http://localhost:8080,PetClinic :: a Spring Framework demonstration,Home,Find Owners,Veterinarians,Home page scenario 473
474,HomePage_Case_474,http://localhost:8080,PetClinic :: a Spring Framework demonstration,Home,Find Owners,Veterinarians,Navigation scenario 474
475,HomePage_Case_475,http://localhost:8080,PetClinic :: a Spring Framework demonstration,Home,Find Owners,Veterinarians,Menu check scenario 475
476,HomePage_Case_476,http://localhost:8080,PetClinic :: a Spring Framework demonstration,Home,Find Owners,Veterinarians,Element presence 476
477,HomePage_Case_477,http://localhost:8080,PetClinic :: a Spring Framework demonstration,Home,Find Owners,Veterinarians,Title check 477
478,HomePage_Case_478,http://localhost:8080,PetClinic :: a Spring Framework demonstration,Home,Find Owners,Veterinarians,Layout validation 478
479,HomePage_Case_479,http://localhost:8080,PetClinic :: a Spring Framework demonstration,Home,Find Owners,Veterinarians,Link validation 479
480,HomePage_Case_480,http://localhost:8080,PetClinic :: a Spring Framework demonstration,Home,Find Owners,Veterinarians,Extended scenario 480
481,HomePage_Case_481,http://localhost:8080,PetClinic :: a Spring Framework demonstration,Home,Find Owners,Veterinarians,Baseline scenario 481
482,HomePage_Case_482,http://localhost:8080/,PetClinic :: a Spring Framework demonstration,Home,Find Owners,Veterinarians,Root slash scenario 482
483,HomePage_Case_483,http://localhost:8080,PetClinic :: a Spring Framework demonstration,Home,Find Owners,Veterinarians,Home page scenario 483
484,HomePage_Case_484,http://localhost:8080,PetClinic :: a Spring Framework demonstration,Home,Find Owners,Veterinarians,Navigation scenario 484
485,HomePage_Case_485,http://localhost:8080,PetClinic :: a Spring Framework demonstration,Home,Find Owners,Veterinarians,Menu check scenario 485
486,HomePage_Case_486,http://localhost:8080,PetClinic :: a Spring Framework demonstration,Home,Find Owners,Veterinarians,Element presence 486
487,HomePage_Case_487,http://localhost:8080,PetClinic :: a Spring Framework demonstration,Home,Find Owners,Veterinarians,Title check 487
488,HomePage_Case_488,http://localhost:8080,PetClinic :: a Spring Framework demonstration,Home,Find Owners,Veterinarians,Layout validation 488
489,HomePage_Case_489,http://localhost:8080,PetClinic :: a Spring Framework demonstration,Home,Find Owners,Veterinarians,Link validation 489
490,HomePage_Case_490,http://localhost:8080,PetClinic :: a Spring Framework demonstration,Home,Find Owners,Veterinarians,Extended scenario 490
491,HomePage_Case_491,http://localhost:8080,PetClinic :: a Spring Framework demonstration,Home,Find Owners,Veterinarians,Baseline scenario 491
492,HomePage_Case_492,http://localhost:8080/,PetClinic :: a Spring Framework demonstration,Home,Find Owners,Veterinarians,Root slash scenario 492
493,HomePage_Case_493,http://localhost:8080,PetClinic :: a Spring Framework demonstration,Home,Find Owners,Veterinarians,Home page scenario 493
494,HomePage_Case_494,http://localhost:8080,PetClinic :: a Spring Framework demonstration,Home,Find Owners,Veterinarians,Navigation scenario 494
495,HomePage_Case_495,http://localhost:8080,PetClinic :: a Spring Framework demonstration,Home,Find Owners,Veterinarians,Menu check scenario 495
496,HomePage_Case_496,http://localhost:8080,PetClinic :: a Spring Framework demonstration,Home,Find Owners,Veterinarians,Element presence 496
497,HomePage_Case_497,http://localhost:8080,PetClinic :: a Spring Framework demonstration,Home,Find Owners,Veterinarians,Title check 497
498,HomePage_Case_498,http://localhost:8080,PetClinic :: a Spring Framework demonstration,Home,Find Owners,Veterinarians,Layout validation 498
499,HomePage_Case_499,http://localhost:8080,PetClinic :: a Spring Framework demonstration,Home,Find Owners,Veterinarians,Link validation 499
500,HomePage_Case_500,http://localhost:8080,PetClinic :: a Spring Framework demonstration,Home,Find Owners,Veterinarians,Extended scenario 500
501,HomePage_Case_501,http://localhost:8080,PetClinic :: a Spring Framework demonstration,Home,Find Owners,Veterinarians,Baseline scenario 501
502,HomePage_Case_502,http://localhost:8080/,PetClinic :: a Spring Framework demonstration,Home,Find Owners,Veterinarians,Root slash scenario 502
503,HomePage_Case_503,http://localhost:8080,PetClinic :: a Spring Framework demonstration,Home,Find Owners,Veterinarians,Home page scenario 503
504,HomePage_Case_504,http://localhost:8080,PetClinic :: a Spring Framework demonstration,Home,Find Owners,Veterinarians,Navigation scenario 504
505,HomePage_Case_505,http://localhost:8080,PetClinic :: a Spring Framework demonstration,Home,Find Owners,Veterinarians,Menu check scenario 505
506,HomePage_Case_506,http://localhost:8080,PetClinic :: a Spring Framework demonstration,Home,Find Owners,Veterinarians,Element presence 506
507,HomePage_Case_507,http://localhost:8080,PetClinic :: a Spring Framework demonstration,Home,Find Owners,Veterinarians,Title check 507
508,HomePage_Case_508,http://localhost:8080,PetClinic :: a Spring Framework demonstration,Home,Find Owners,Veterinarians,Layout validation 508
509,HomePage_Case_509,http://localhost:8080,PetClinic :: a Spring Framework demonstration,Home,Find Owners,Veterinarians,Link validation 509
510,HomePage_Case_510,http://localhost:8080,PetClinic :: a Spring Framework demonstration,Home,Find Owners,Veterinarians,Extended scenario 510
511,HomePage_Case_511,http://localhost:8080,PetClinic :: a Spring Framework demonstration,Home,Find Owners,Veterinarians,Baseline scenario 511
512,HomePage_Case_512,http://localhost:8080/,PetClinic :: a Spring Framework demonstration,Home,Find Owners,Veterinarians,Root slash scenario 512
513,HomePage_Case_513,http://localhost:8080,PetClinic :: a Spring Framework demonstration,Home,Find Owners,Veterinarians,Home page scenario 513
514,HomePage_Case_514,http://localhost:8080,PetClinic :: a Spring Framework demonstration,Home,Find Owners,Veterinarians,Navigation scenario 514
515,HomePage_Case_515,http://localhost:8080,PetClinic :: a Spring Framework demonstration,Home,Find Owners,Veterinarians,Menu check scenario 515
516,HomePage_Case_516,http://localhost:8080,PetClinic :: a Spring Framework demonstration,Home,Find Owners,Veterinarians,Element presence 516
517,HomePage_Case_517,http://localhost:8080,PetClinic :: a Spring Framework demonstration,Home,Find Owners,Veterinarians,Title check 517
518,HomePage_Case_518,http://localhost:8080,PetClinic :: a Spring Framework demonstration,Home,Find Owners,Veterinarians,Layout validation 518
519,HomePage_Case_519,http://localhost:8080,PetClinic :: a Spring Framework demonstration,Home,Find Owners,Veterinarians,Link validation 519
520,HomePage_Case_520,http://localhost:8080,PetClinic :: a Spring Framework demonstration,Home,Find Owners,Veterinarians,Extended scenario 520
521,HomePage_Case_521,http://localhost:8080,PetClinic :: a Spring Framework demonstration,Home,Find Owners,Veterinarians,Baseline scenario 521
522,HomePage_Case_522,http://localhost:8080/,PetClinic :: a Spring Framework demonstration,Home,Find Owners,Veterinarians,Root slash scenario 522
523,HomePage_Case_523,http://localhost:8080,PetClinic :: a Spring Framework demonstration,Home,Find Owners,Veterinarians,Home page scenario 523
524,HomePage_Case_524,http://localhost:8080,PetClinic :: a Spring Framework demonstration,Home,Find Owners,Veterinarians,Navigation scenario 524
525,HomePage_Case_525,http://localhost:8080,PetClinic :: a Spring Framework demonstration,Home,Find Owners,Veterinarians,Menu check scenario 525
526,HomePage_Case_526,http://localhost:8080,PetClinic :: a Spring Framework demonstration,Home,Find Owners,Veterinarians,Element presence 526
527,HomePage_Case_527,http://localhost:8080,PetClinic :: a Spring Framework demonstration,Home,Find Owners,Veterinarians,Title check 527
528,HomePage_Case_528,http://localhost:8080,PetClinic :: a Spring Framework demonstration,Home,Find Owners,Veterinarians,Layout validation 528
529,HomePage_Case_529,http://localhost:8080,PetClinic :: a Spring Framework demonstration,Home,Find Owners,Veterinarians,Link validation 529
530,HomePage_Case_530,http://localhost:8080,PetClinic :: a Spring Framework demonstration,Home,Find Owners,Veterinarians,Extended scenario 530
531,HomePage_Case_531,http://localhost:8080,PetClinic :: a Spring Framework demonstration,Home,Find Owners,Veterinarians,Baseline scenario 531
532,HomePage_Case_532,http://localhost:8080/,PetClinic :: a Spring Framework demonstration,Home,Find Owners,Veterinarians,Root slash scenario 532
533,HomePage_Case_533,http://localhost:8080,PetClinic :: a Spring Framework demonstration,Home,Find Owners,Veterinarians,Home page scenario 533
534,HomePage_Case_534,http://localhost:8080,PetClinic :: a Spring Framework demonstration,Home,Find Owners,Veterinarians,Navigation scenario 534
535,HomePage_Case_535,http://localhost:8080,PetClinic :: a Spring Framework demonstration,Home,Find Owners,Veterinarians,Menu check scenario 535
536,HomePage_Case_536,http://localhost:8080,PetClinic :: a Spring Framework demonstration,Home,Find Owners,Veterinarians,Element presence 536
537,HomePage_Case_537,http://localhost:8080,PetClinic :: a Spring Framework demonstration,Home,Find Owners,Veterinarians,Title check 537
538,HomePage_Case_538,http://localhost:8080,PetClinic :: a Spring Framework demonstration,Home,Find Owners,Veterinarians,Layout validation 538
539,HomePage_Case_539,http://localhost:8080,PetClinic :: a Spring Framework demonstration,Home,Find Owners,Veterinarians,Link validation 539
540,HomePage_Case_540,http://localhost:8080,PetClinic :: a Spring Framework demonstration,Home,Find Owners,Veterinarians,Extended scenario 540
541,HomePage_Case_541,http://localhost:8080,PetClinic :: a Spring Framework demonstration,Home,Find Owners,Veterinarians,Baseline scenario 541
542,HomePage_Case_542,http://localhost:8080/,PetClinic :: a Spring Framework demonstration,Home,Find Owners,Veterinarians,Root slash scenario 542
543,HomePage_Case_543,http://localhost:8080,PetClinic :: a Spring Framework demonstration,Home,Find Owners,Veterinarians,Home page scenario 543
544,HomePage_Case_544,http://localhost:8080,PetClinic :: a Spring Framework demonstration,Home,Find Owners,Veterinarians,Navigation scenario 544
545,HomePage_Case_545,http://localhost:8080,PetClinic :: a Spring Framework demonstration,Home,Find Owners,Veterinarians,Menu check scenario 545
546,HomePage_Case_546,http://localhost:8080,PetClinic :: a Spring Framework demonstration,Home,Find Owners,Veterinarians,Element presence 546
547,HomePage_Case_547,http://localhost:8080,PetClinic :: a Spring Framework demonstration,Home,Find Owners,Veterinarians,Title check 547
548,HomePage_Case_548,http://localhost:8080,PetClinic :: a Spring Framework demonstration,Home,Find Owners,Veterinarians,Layout validation 548
549,HomePage_Case_549,http://localhost:8080,PetClinic :: a Spring Framework demonstration,Home,Find Owners,Veterinarians,Link validation 549
550,HomePage_Case_550,http://localhost:8080,PetClinic :: a Spring Framework demonstration,Home,Find Owners,Veterinarians,Extended scenario 550
551,HomePage_Case_551,http://localhost:8080,PetClinic :: a Spring Framework demonstration,Home,Find Owners,Veterinarians,Baseline scenario 551
552,HomePage_Case_552,http://localhost:8080/,PetClinic :: a Spring Framework demonstration,Home,Find Owners,Veterinarians,Root slash scenario 552
553,HomePage_Case_553,http://localhost:8080,PetClinic :: a Spring Framework demonstration,Home,Find Owners,Veterinarians,Home page scenario 553
554,HomePage_Case_554,http://localhost:8080,PetClinic :: a Spring Framework demonstration,Home,Find Owners,Veterinarians,Navigation scenario 554
555,HomePage_Case_555,http://localhost:8080,PetClinic :: a Spring Framework demonstration,Home,Find Owners,Veterinarians,Menu check scenario 555
556,HomePage_Case_556,http://localhost:8080,PetClinic :: a Spring Framework demonstration,Home,Find Owners,Veterinarians,Element presence 556
557,HomePage_Case_557,http://localhost:8080,PetClinic :: a Spring Framework demonstration,Home,Find Owners,Veterinarians,Title check 557
558,HomePage_Case_558,http://localhost:8080,PetClinic :: a Spring Framework demonstration,Home,Find Owners,Veterinarians,Layout validation 558
559,HomePage_Case_559,http://localhost:8080,PetClinic :: a Spring Framework demonstration,Home,Find Owners,Veterinarians,Link validation 559
560,HomePage_Case_560,http://localhost:8080,PetClinic :: a Spring Framework demonstration,Home,Find Owners,Veterinarians,Extended scenario 560
561,HomePage_Case_561,http://localhost:8080,PetClinic :: a Spring Framework demonstration,Home,Find Owners,Veterinarians,Baseline scenario 561
562,HomePage_Case_562,http://localhost:8080/,PetClinic :: a Spring Framework demonstration,Home,Find Owners,Veterinarians,Root slash scenario 562
563,HomePage_Case_563,http://localhost:8080,PetClinic :: a Spring Framework demonstration,Home,Find Owners,Veterinarians,Home page scenario 563
564,HomePage_Case_564,http://localhost:8080,PetClinic :: a Spring Framework demonstration,Home,Find Owners,Veterinarians,Navigation scenario 564
565,HomePage_Case_565,http://localhost:8080,PetClinic :: a Spring Framework demonstration,Home,Find Owners,Veterinarians,Menu check scenario 565
566,HomePage_Case_566,http://localhost:8080,PetClinic :: a Spring Framework demonstration,Home,Find Owners,Veterinarians,Element presence 566
567,HomePage_Case_567,http://localhost:8080,PetClinic :: a Spring Framework demonstration,Home,Find Owners,Veterinarians,Title check 567
568,HomePage_Case_568,http://localhost:8080,PetClinic :: a Spring Framework demonstration,Home,Find Owners,Veterinarians,Layout validation 568
569,HomePage_Case_569,http://localhost:8080,PetClinic :: a Spring Framework demonstration,Home,Find Owners,Veterinarians,Link validation 569
570,HomePage_Case_570,http://localhost:8080,PetClinic :: a Spring Framework demonstration,Home,Find Owners,Veterinarians,Extended scenario 570
571,HomePage_Case_571,http://localhost:8080,PetClinic :: a Spring Framework demonstration,Home,Find Owners,Veterinarians,Baseline scenario 571
572,HomePage_Case_572,http://localhost:8080/,PetClinic :: a Spring Framework demonstration,Home,Find Owners,Veterinarians,Root slash scenario 572
573,HomePage_Case_573,http://localhost:8080,PetClinic :: a Spring Framework demonstration,Home,Find Owners,Veterinarians,Home page scenario 573
574,HomePage_Case_574,http://localhost:8080,PetClinic :: a Spring Framework demonstration,Home,Find Owners,Veterinarians,Navigation scenario 574
575,HomePage_Case_575,http://localhost:8080,PetClinic :: a Spring Framework demonstration,Home,Find Owners,Veterinarians,Menu check scenario 575
576,HomePage_Case_576,http://localhost:8080,PetClinic :: a Spring Framework demonstration,Home,Find Owners,Veterinarians,Element presence 576
577,HomePage_Case_577,http://localhost:8080,PetClinic :: a Spring Framework demonstration,Home,Find Owners,Veterinarians,Title check 577
578,HomePage_Case_578,http://localhost:8080,PetClinic :: a Spring Framework demonstration,Home,Find Owners,Veterinarians,Layout validation 578
579,HomePage_Case_579,http://localhost:8080,PetClinic :: a Spring Framework demonstration,Home,Find Owners,Veterinarians,Link validation 579
580,HomePage_Case_580,http://localhost:8080,PetClinic :: a Spring Framework demonstration,Home,Find Owners,Veterinarians,Extended scenario 580
581,HomePage_Case_581,http://localhost:8080,PetClinic :: a Spring Framework demonstration,Home,Find Owners,Veterinarians,Baseline scenario 581
582,HomePage_Case_582,http://localhost:8080/,PetClinic :: a Spring Framework demonstration,Home,Find Owners,Veterinarians,Root slash scenario 582
583,HomePage_Case_583,http://localhost:8080,PetClinic :: a Spring Framework demonstration,Home,Find Owners,Veterinarians,Home page scenario 583
584,HomePage_Case_584,http://localhost:8080,PetClinic :: a Spring Framework demonstration,Home,Find Owners,Veterinarians,Navigation scenario 584
585,HomePage_Case_585,http://localhost:8080,PetClinic :: a Spring Framework demonstration,Home,Find Owners,Veterinarians,Menu check scenario 585
586,HomePage_Case_586,http://localhost:8080,PetClinic :: a Spring Framework demonstration,Home,Find Owners,Veterinarians,Element presence 586
587,HomePage_Case_587,http://localhost:8080,PetClinic :: a Spring Framework demonstration,Home,Find Owners,Veterinarians,Title check 587
588,HomePage_Case_588,http://localhost:8080,PetClinic :: a Spring Framework demonstration,Home,Find Owners,Veterinarians,Layout validation 588
589,HomePage_Case_589,http://localhost:8080,PetClinic :: a Spring Framework demonstration,Home,Find Owners,Veterinarians,Link validation 589
590,HomePage_Case_590,http://localhost:8080,PetClinic :: a Spring Framework demonstration,Home,Find Owners,Veterinarians,Extended scenario 590
591,HomePage_Case_591,http://localhost:8080,PetClinic :: a Spring Framework demonstration,Home,Find Owners,Veterinarians,Baseline scenario 591
592,HomePage_Case_592,http://localhost:8080/,PetClinic :: a Spring Framework demonstration,Home,Find Owners,Veterinarians,Root slash scenario 592
593,HomePage_Case_593,http://localhost:8080,PetClinic :: a Spring Framework demonstration,Home,Find Owners,Veterinarians,Home page scenario 593
594,HomePage_Case_594,http://localhost:8080,PetClinic :: a Spring Framework demonstration,Home,Find Owners,Veterinarians,Navigation scenario 594
595,HomePage_Case_595,http://localhost:8080,PetClinic :: a Spring Framework demonstration,Home,Find Owners,Veterinarians,Menu check scenario 595
596,HomePage_Case_596,http://localhost:8080,PetClinic :: a Spring Framework demonstration,Home,Find Owners,Veterinarians,Element presence 596
597,HomePage_Case_597,http://localhost:8080,PetClinic :: a Spring Framework demonstration,Home,Find Owners,Veterinarians,Title check 597
598,HomePage_Case_598,http://localhost:8080,PetClinic :: a Spring Framework demonstration,Home,Find Owners,Veterinarians,Layout validation 598
599,HomePage_Case_599,http://localhost:8080,PetClinic :: a Spring Framework demonstration,Home,Find Owners,Veterinarians,Link validation 599
600,HomePage_Case_600,http://localhost:8080,PetClinic :: a Spring Framework demonstration,Home,Find Owners,Veterinarians,Extended scenario 600
601,HomePage_Case_601,http://localhost:8080,PetClinic :: a Spring Framework demonstration,Home,Find Owners,Veterinarians,Baseline scenario 601
602,HomePage_Case_602,http://localhost:8080/,PetClinic :: a Spring Framework demonstration,Home,Find Owners,Veterinarians,Root slash scenario 602
603,HomePage_Case_603,http://localhost:8080,PetClinic :: a Spring Framework demonstration,Home,Find Owners,Veterinarians,Home page scenario 603
604,HomePage_Case_604,http://localhost:8080,PetClinic :: a Spring Framework demonstration,Home,Find Owners,Veterinarians,Navigation scenario 604
605,HomePage_Case_605,http://localhost:8080,PetClinic :: a Spring Framework demonstration,Home,Find Owners,Veterinarians,Menu check scenario 605
606,HomePage_Case_606,http://localhost:8080,PetClinic :: a Spring Framework demonstration,Home,Find Owners,Veterinarians,Element presence 606
607,HomePage_Case_607,http://localhost:8080,PetClinic :: a Spring Framework demonstration,Home,Find Owners,Veterinarians,Title check 607
608,HomePage_Case_608,http://localhost:8080,PetClinic :: a Spring Framework demonstration,Home,Find Owners,Veterinarians,Layout validation 608
609,HomePage_Case_609,http://localhost:8080,PetClinic :: a Spring Framework demonstration,Home,Find Owners,Veterinarians,Link validation 609
610,HomePage_Case_610,http://localhost:8080,PetClinic :: a Spring Framework demonstration,Home,Find Owners,Veterinarians,Extended scenario 610
611,HomePage_Case_611,http://localhost:8080,PetClinic :: a Spring Framework demonstration,Home,Find Owners,Veterinarians,Baseline scenario 611
612,HomePage_Case_612,http://localhost:8080/,PetClinic :: a Spring Framework demonstration,Home,Find Owners,Veterinarians,Root slash scenario 612
613,HomePage_Case_613,http://localhost:8080,PetClinic :: a Spring Framework demonstration,Home,Find Owners,Veterinarians,Home page scenario 613
614,HomePage_Case_614,http://localhost:8080,PetClinic :: a Spring Framework demonstration,Home,Find Owners,Veterinarians,Navigation scenario 614
615,HomePage_Case_615,http://localhost:8080,PetClinic :: a Spring Framework demonstration,Home,Find Owners,Veterinarians,Menu check scenario 615
616,HomePage_Case_616,http://localhost:8080,PetClinic :: a Spring Framework demonstration,Home,Find Owners,Veterinarians,Element presence 616
617,HomePage_Case_617,http://localhost:8080,PetClinic :: a Spring Framework demonstration,Home,Find Owners,Veterinarians,Title check 617
618,HomePage_Case_618,http://localhost:8080,PetClinic :: a Spring Framework demonstration,Home,Find Owners,Veterinarians,Layout validation 618
619,HomePage_Case_619,http://localhost:8080,PetClinic :: a Spring Framework demonstration,Home,Find Owners,Veterinarians,Link validation 619
620,HomePage_Case_620,http://localhost:8080,PetClinic :: a Spring Framework demonstration,Home,Find Owners,Veterinarians,Extended scenario 620
621,HomePage_Case_621,http://localhost:8080,PetClinic :: a Spring Framework demonstration,Home,Find Owners,Veterinarians,Baseline scenario 621
622,HomePage_Case_622,http://localhost:8080/,PetClinic :: a Spring Framework demonstration,Home,Find Owners,Veterinarians,Root slash scenario 622
623,HomePage_Case_623,http://localhost:8080,PetClinic :: a Spring Framework demonstration,Home,Find Owners,Veterinarians,Home page scenario 623
624,HomePage_Case_624,http://localhost:8080,PetClinic :: a Spring Framework demonstration,Home,Find Owners,Veterinarians,Navigation scenario 624
625,HomePage_Case_625,http://localhost:8080,PetClinic :: a Spring Framework demonstration,Home,Find Owners,Veterinarians,Menu check scenario 625
626,HomePage_Case_626,http://localhost:8080,PetClinic :: a Spring Framework demonstration,Home,Find Owners,Veterinarians,Element presence 626
627,HomePage_Case_627,http://localhost:8080,PetClinic :: a Spring Framework demonstration,Home,Find Owners,Veterinarians,Title check 627
628,HomePage_Case_628,http://localhost:8080,PetClinic :: a Spring Framework demonstration,Home,Find Owners,Veterinarians,Layout validation 628
629,HomePage_Case_629,http://localhost:8080,PetClinic :: a Spring Framework demonstration,Home,Find Owners,Veterinarians,Link validation 629
630,HomePage_Case_630,http://localhost:8080,PetClinic :: a Spring Framework demonstration,Home,Find Owners,Veterinarians,Extended scenario 630
631,HomePage_Case_631,http://localhost:8080,PetClinic :: a Spring Framework demonstration,Home,Find Owners,Veterinarians,Baseline scenario 631
632,HomePage_Case_632,http://localhost:8080/,PetClinic :: a Spring Framework demonstration,Home,Find Owners,Veterinarians,Root slash scenario 632
633,HomePage_Case_633,http://localhost:8080,PetClinic :: a Spring Framework demonstration,Home,Find Owners,Veterinarians,Home page scenario 633
634,HomePage_Case_634,http://localhost:8080,PetClinic :: a Spring Framework demonstration,Home,Find Owners,Veterinarians,Navigation scenario 634
635,HomePage_Case_635,http://localhost:8080,PetClinic :: a Spring Framework demonstration,Home,Find Owners,Veterinarians,Menu check scenario 635
636,HomePage_Case_636,http://localhost:8080,PetClinic :: a Spring Framework demonstration,Home,Find Owners,Veterinarians,Element presence 636
637,HomePage_Case_637,http://localhost:8080,PetClinic :: a Spring Framework demonstration,Home,Find Owners,Veterinarians,Title check 637
638,HomePage_Case_638,http://localhost:8080,PetClinic :: a Spring Framework demonstration,Home,Find Owners,Veterinarians,Layout validation 638
639,HomePage_Case_639,http://localhost:8080,PetClinic :: a Spring Framework demonstration,Home,Find Owners,Veterinarians,Link validation 639
640,HomePage_Case_640,http://localhost:8080,PetClinic :: a Spring Framework demonstration,Home,Find Owners,Veterinarians,Extended scenario 640
641,HomePage_Case_641,http://localhost:8080,PetClinic :: a Spring Framework demonstration,Home,Find Owners,Veterinarians,Baseline scenario 641
642,HomePage_Case_642,http://localhost:8080/,PetClinic :: a Spring Framework demonstration,Home,Find Owners,Veterinarians,Root slash scenario 642
643,HomePage_Case_643,http://localhost:8080,PetClinic :: a Spring Framework demonstration,Home,Find Owners,Veterinarians,Home page scenario 643
644,HomePage_Case_644,http://localhost:8080,PetClinic :: a Spring Framework demonstration,Home,Find Owners,Veterinarians,Navigation scenario 644
645,HomePage_Case_645,http://localhost:8080,PetClinic :: a Spring Framework demonstration,Home,Find Owners,Veterinarians,Menu check scenario 645
646,HomePage_Case_646,http://localhost:8080,PetClinic :: a Spring Framework demonstration,Home,Find Owners,Veterinarians,Element presence 646
647,HomePage_Case_647,http://localhost:8080,PetClinic :: a Spring Framework demonstration,Home,Find Owners,Veterinarians,Title check 647
648,HomePage_Case_648,http://localhost:8080,PetClinic :: a Spring Framework demonstration,Home,Find Owners,Veterinarians,Layout validation 648
649,HomePage_Case_649,http://localhost:8080,PetClinic :: a Spring Framework demonstration,Home,Find Owners,Veterinarians,Link validation 649
650,HomePage_Case_650,http://localhost:8080,PetClinic :: a Spring Framework demonstration,Home,Find Owners,Veterinarians,Extended scenario 650
651,HomePage_Case_651,http://localhost:8080,PetClinic :: a Spring Framework demonstration,Home,Find Owners,Veterinarians,Baseline scenario 651
652,HomePage_Case_652,http://localhost:8080/,PetClinic :: a Spring Framework demonstration,Home,Find Owners,Veterinarians,Root slash scenario 652
653,HomePage_Case_653,http://localhost:8080,PetClinic :: a Spring Framework demonstration,Home,Find Owners,Veterinarians,Home page scenario 653
654,HomePage_Case_654,http://localhost:8080,PetClinic :: a Spring Framework demonstration,Home,Find Owners,Veterinarians,Navigation scenario 654
655,HomePage_Case_655,http://localhost:8080,PetClinic :: a Spring Framework demonstration,Home,Find Owners,Veterinarians,Menu check scenario 655
656,HomePage_Case_656,http://localhost:8080,PetClinic :: a Spring Framework demonstration,Home,Find Owners,Veterinarians,Element presence 656
657,HomePage_Case_657,http://localhost:8080,PetClinic :: a Spring Framework demonstration,Home,Find Owners,Veterinarians,Title check 657
658,HomePage_Case_658,http://localhost:8080,PetClinic :: a Spring Framework demonstration,Home,Find Owners,Veterinarians,Layout validation 658
659,HomePage_Case_659,http://localhost:8080,PetClinic :: a Spring Framework demonstration,Home,Find Owners,Veterinarians,Link validation 659
660,HomePage_Case_660,http://localhost:8080,PetClinic :: a Spring Framework demonstration,Home,Find Owners,Veterinarians,Extended scenario 660
661,HomePage_Case_661,http://localhost:8080,PetClinic :: a Spring Framework demonstration,Home,Find Owners,Veterinarians,Baseline scenario 661
662,HomePage_Case_662,http://localhost:8080/,PetClinic :: a Spring Framework demonstration,Home,Find Owners,Veterinarians,Root slash scenario 662
663,HomePage_Case_663,http://localhost:8080,PetClinic :: a Spring Framework demonstration,Home,Find Owners,Veterinarians,Home page scenario 663
664,HomePage_Case_664,http://localhost:8080,PetClinic :: a Spring Framework demonstration,Home,Find Owners,Veterinarians,Navigation scenario 664
665,HomePage_Case_665,http://localhost:8080,PetClinic :: a Spring Framework demonstration,Home,Find Owners,Veterinarians,Menu check scenario 665
666,HomePage_Case_666,http://localhost:8080,PetClinic :: a Spring Framework demonstration,Home,Find Owners,Veterinarians,Element presence 666
667,HomePage_Case_667,http://localhost:8080,PetClinic :: a Spring Framework demonstration,Home,Find Owners,Veterinarians,Title check 667
668,HomePage_Case_668,http://localhost:8080,PetClinic :: a Spring Framework demonstration,Home,Find Owners,Veterinarians,Layout validation 668
669,HomePage_Case_669,http://localhost:8080,PetClinic :: a Spring Framework demonstration,Home,Find Owners,Veterinarians,Link validation 669
670,HomePage_Case_670,http://localhost:8080,PetClinic :: a Spring Framework demonstration,Home,Find Owners,Veterinarians,Extended scenario 670
671,HomePage_Case_671,http://localhost:8080,PetClinic :: a Spring Framework demonstration,Home,Find Owners,Veterinarians,Baseline scenario 671
672,HomePage_Case_672,http://localhost:8080/,PetClinic :: a Spring Framework demonstration,Home,Find Owners,Veterinarians,Root slash scenario 672
673,HomePage_Case_673,http://localhost:8080,PetClinic :: a Spring Framework demonstration,Home,Find Owners,Veterinarians,Home page scenario 673
674,HomePage_Case_674,http://localhost:8080,PetClinic :: a Spring Framework demonstration,Home,Find Owners,Veterinarians,Navigation scenario 674
675,HomePage_Case_675,http://localhost:8080,PetClinic :: a Spring Framework demonstration,Home,Find Owners,Veterinarians,Menu check scenario 675
676,HomePage_Case_676,http://localhost:8080,PetClinic :: a Spring Framework demonstration,Home,Find Owners,Veterinarians,Element presence 676
677,HomePage_Case_677,http://localhost:8080,PetClinic :: a Spring Framework demonstration,Home,Find Owners,Veterinarians,Title check 677
678,HomePage_Case_678,http://localhost:8080,PetClinic :: a Spring Framework demonstration,Home,Find Owners,Veterinarians,Layout validation 678
679,HomePage_Case_679,http://localhost:8080,PetClinic :: a Spring Framework demonstration,Home,Find Owners,Veterinarians,Link validation 679
680,HomePage_Case_680,http://localhost:8080,PetClinic :: a Spring Framework demonstration,Home,Find Owners,Veterinarians,Extended scenario 680
681,HomePage_Case_681,http://localhost:8080,PetClinic :: a Spring Framework demonstration,Home,Find Owners,Veterinarians,Baseline scenario 681
682,HomePage_Case_682,http://localhost:8080/,PetClinic :: a Spring Framework demonstration,Home,Find Owners,Veterinarians,Root slash scenario 682
683,HomePage_Case_683,http://localhost:8080,PetClinic :: a Spring Framework demonstration,Home,Find Owners,Veterinarians,Home page scenario 683
684,HomePage_Case_684,http://localhost:8080,PetClinic :: a Spring Framework demonstration,Home,Find Owners,Veterinarians,Navigation scenario 684
685,HomePage_Case_685,http://localhost:8080,PetClinic :: a Spring Framework demonstration,Home,Find Owners,Veterinarians,Menu check scenario 685
686,HomePage_Case_686,http://localhost:8080,PetClinic :: a Spring Framework demonstration,Home,Find Owners,Veterinarians,Element presence 686
687,HomePage_Case_687,http://localhost:8080,PetClinic :: a Spring Framework demonstration,Home,Find Owners,Veterinarians,Title check 687
688,HomePage_Case_688,http://localhost:8080,PetClinic :: a Spring Framework demonstration,Home,Find Owners,Veterinarians,Layout validation 688
689,HomePage_Case_689,http://localhost:8080,PetClinic :: a Spring Framework demonstration,Home,Find Owners,Veterinarians,Link validation 689
690,HomePage_Case_690,http://localhost:8080,PetClinic :: a Spring Framework demonstration,Home,Find Owners,Veterinarians,Extended scenario 690
691,HomePage_Case_691,http://localhost:8080,PetClinic :: a Spring Framework demonstration,Home,Find Owners,Veterinarians,Baseline scenario 691
692,HomePage_Case_692,http://localhost:8080/,PetClinic :: a Spring Framework demonstration,Home,Find Owners,Veterinarians,Root slash scenario 692
693,HomePage_Case_693,http://localhost:8080,PetClinic :: a Spring Framework demonstration,Home,Find Owners,Veterinarians,Home page scenario 693
694,HomePage_Case_694,http://localhost:8080,PetClinic :: a Spring Framework demonstration,Home,Find Owners,Veterinarians,Navigation scenario 694
695,HomePage_Case_695,http://localhost:8080,PetClinic :: a Spring Framework demonstration,Home,Find Owners,Veterinarians,Menu check scenario 695
696,HomePage_Case_696,http://localhost:8080,PetClinic :: a Spring Framework demonstration,Home,Find Owners,Veterinarians,Element presence 696
697,HomePage_Case_697,http://localhost:8080,PetClinic :: a Spring Framework demonstration,Home,Find Owners,Veterinarians,Title check 697
698,HomePage_Case_698,http://localhost:8080,PetClinic :: a Spring Framework demonstration,Home,Find Owners,Veterinarians,Layout validation 698
699,HomePage_Case_699,http://localhost:8080,PetClinic :: a Spring Framework demonstration,Home,Find Owners,Veterinarians,Link validation 699
700,HomePage_Case_700,http://localhost:8080,PetClinic :: a Spring Framework demonstration,Home,Find Owners,Veterinarians,Extended scenario 700
701,HomePage_Case_701,http://localhost:8080,PetClinic :: a Spring Framework demonstration,Home,Find Owners,Veterinarians,Baseline scenario 701
702,HomePage_Case_702,http://localhost:8080/,PetClinic :: a Spring Framework demonstration,Home,Find Owners,Veterinarians,Root slash scenario 702
703,HomePage_Case_703,http://localhost:8080,PetClinic :: a Spring Framework demonstration,Home,Find Owners,Veterinarians,Home page scenario 703
704,HomePage_Case_704,http://localhost:8080,PetClinic :: a Spring Framework demonstration,Home,Find Owners,Veterinarians,Navigation scenario 704
705,HomePage_Case_705,http://localhost:8080,PetClinic :: a Spring Framework demonstration,Home,Find Owners,Veterinarians,Menu check scenario 705
706,HomePage_Case_706,http://localhost:8080,PetClinic :: a Spring Framework demonstration,Home,Find Owners,Veterinarians,Element presence 706
707,HomePage_Case_707,http://localhost:8080,PetClinic :: a Spring Framework demonstration,Home,Find Owners,Veterinarians,Title check 707
708,HomePage_Case_708,http://localhost:8080,PetClinic :: a Spring Framework demonstration,Home,Find Owners,Veterinarians,Layout validation 708
709,HomePage_Case_709,http://localhost:8080,PetClinic :: a Spring Framework demonstration,Home,Find Owners,Veterinarians,Link validation 709
710,HomePage_Case_710,http://localhost:8080,PetClinic :: a Spring Framework demonstration,Home,Find Owners,Veterinarians,Extended scenario 710
711,HomePage_Case_711,http://localhost:8080,PetClinic :: a Spring Framework demonstration,Home,Find Owners,Veterinarians,Baseline scenario 711
712,HomePage_Case_712,http://localhost:8080/,PetClinic :: a Spring Framework demonstration,Home,Find Owners,Veterinarians,Root slash scenario 712
713,HomePage_Case_713,http://localhost:8080,PetClinic :: a Spring Framework demonstration,Home,Find Owners,Veterinarians,Home page scenario 713
714,HomePage_Case_714,http://localhost:8080,PetClinic :: a Spring Framework demonstration,Home,Find Owners,Veterinarians,Navigation scenario 714
715,HomePage_Case_715,http://localhost:8080,PetClinic :: a Spring Framework demonstration,Home,Find Owners,Veterinarians,Menu check scenario 715
716,HomePage_Case_716,http://localhost:8080,PetClinic :: a Spring Framework demonstration,Home,Find Owners,Veterinarians,Element presence 716
717,HomePage_Case_717,http://localhost:8080,PetClinic :: a Spring Framework demonstration,Home,Find Owners,Veterinarians,Title check 717
718,HomePage_Case_718,http://localhost:8080,PetClinic :: a Spring Framework demonstration,Home,Find Owners,Veterinarians,Layout validation 718
719,HomePage_Case_719,http://localhost:8080,PetClinic :: a Spring Framework demonstration,Home,Find Owners,Veterinarians,Link validation 719
720,HomePage_Case_720,http://localhost:8080,PetClinic :: a Spring Framework demonstration,Home,Find Owners,Veterinarians,Extended scenario 720
721,HomePage_Case_721,http://localhost:8080,PetClinic :: a Spring Framework demonstration,Home,Find Owners,Veterinarians,Baseline scenario 721
722,HomePage_Case_722,http://localhost:8080/,PetClinic :: a Spring Framework demonstration,Home,Find Owners,Veterinarians,Root slash scenario 722
723,HomePage_Case_723,http://localhost:8080,PetClinic :: a Spring Framework demonstration,Home,Find Owners,Veterinarians,Home page scenario 723
724,HomePage_Case_724,http://localhost:8080,PetClinic :: a Spring Framework demonstration,Home,Find Owners,Veterinarians,Navigation scenario 724
725,HomePage_Case_725,http://localhost:8080,PetClinic :: a Spring Framework demonstration,Home,Find Owners,Veterinarians,Menu check scenario 725
726,HomePage_Case_726,http://localhost:8080,PetClinic :: a Spring Framework demonstration,Home,Find Owners,Veterinarians,Element presence 726
727,HomePage_Case_727,http://localhost:8080,PetClinic :: a Spring Framework demonstration,Home,Find Owners,Veterinarians,Title check 727
728,HomePage_Case_728,http://localhost:8080,PetClinic :: a Spring Framework demonstration,Home,Find Owners,Veterinarians,Layout validation 728
729,HomePage_Case_729,http://localhost:8080,PetClinic :: a Spring Framework demonstration,Home,Find Owners,Veterinarians,Link validation 729
730,HomePage_Case_730,http://localhost:8080,PetClinic :: a Spring Framework demonstration,Home,Find Owners,Veterinarians,Extended scenario 730
731,HomePage_Case_731,http://localhost:8080,PetClinic :: a Spring Framework demonstration,Home,Find Owners,Veterinarians,Baseline scenario 731
732,HomePage_Case_732,http://localhost:8080/,PetClinic :: a Spring Framework demonstration,Home,Find Owners,Veterinarians,Root slash scenario 732
733,HomePage_Case_733,http://localhost:8080,PetClinic :: a Spring Framework demonstration,Home,Find Owners,Veterinarians,Home page scenario 733
734,HomePage_Case_734,http://localhost:8080,PetClinic :: a Spring Framework demonstration,Home,Find Owners,Veterinarians,Navigation scenario 734
735,HomePage_Case_735,http://localhost:8080,PetClinic :: a Spring Framework demonstration,Home,Find Owners,Veterinarians,Menu check scenario 735
736,HomePage_Case_736,http://localhost:8080,PetClinic :: a Spring Framework demonstration,Home,Find Owners,Veterinarians,Element presence 736
737,HomePage_Case_737,http://localhost:8080,PetClinic :: a Spring Framework demonstration,Home,Find Owners,Veterinarians,Title check 737
738,HomePage_Case_738,http://localhost:8080,PetClinic :: a Spring Framework demonstration,Home,Find Owners,Veterinarians,Layout validation 738
739,HomePage_Case_739,http://localhost:8080,PetClinic :: a Spring Framework demonstration,Home,Find Owners,Veterinarians,Link validation 739
740,HomePage_Case_740,http://localhost:8080,PetClinic :: a Spring Framework demonstration,Home,Find Owners,Veterinarians,Extended scenario 740
741,HomePage_Case_741,http://localhost:8080,PetClinic :: a Spring Framework demonstration,Home,Find Owners,Veterinarians,Baseline scenario 741
742,HomePage_Case_742,http://localhost:8080/,PetClinic :: a Spring Framework demonstration,Home,Find Owners,Veterinarians,Root slash scenario 742
743,HomePage_Case_743,http://localhost:8080,PetClinic :: a Spring Framework demonstration,Home,Find Owners,Veterinarians,Home page scenario 743
744,HomePage_Case_744,http://localhost:8080,PetClinic :: a Spring Framework demonstration,Home,Find Owners,Veterinarians,Navigation scenario 744
745,HomePage_Case_745,http://localhost:8080,PetClinic :: a Spring Framework demonstration,Home,Find Owners,Veterinarians,Menu check scenario 745
746,HomePage_Case_746,http://localhost:8080,PetClinic :: a Spring Framework demonstration,Home,Find Owners,Veterinarians,Element presence 746
747,HomePage_Case_747,http://localhost:8080,PetClinic :: a Spring Framework demonstration,Home,Find Owners,Veterinarians,Title check 747
748,HomePage_Case_748,http://localhost:8080,PetClinic :: a Spring Framework demonstration,Home,Find Owners,Veterinarians,Layout validation 748
749,HomePage_Case_749,http://localhost:8080,PetClinic :: a Spring Framework demonstration,Home,Find Owners,Veterinarians,Link validation 749
750,HomePage_Case_750,http://localhost:8080,PetClinic :: a Spring Framework demonstration,Home,Find Owners,Veterinarians,Extended scenario 750
751,HomePage_Case_751,http://localhost:8080,PetClinic :: a Spring Framework demonstration,Home,Find Owners,Veterinarians,Baseline scenario 751
752,HomePage_Case_752,http://localhost:8080/,PetClinic :: a Spring Framework demonstration,Home,Find Owners,Veterinarians,Root slash scenario 752
753,HomePage_Case_753,http://localhost:8080,PetClinic :: a Spring Framework demonstration,Home,Find Owners,Veterinarians,Home page scenario 753
754,HomePage_Case_754,http://localhost:8080,PetClinic :: a Spring Framework demonstration,Home,Find Owners,Veterinarians,Navigation scenario 754
755,HomePage_Case_755,http://localhost:8080,PetClinic :: a Spring Framework demonstration,Home,Find Owners,Veterinarians,Menu check scenario 755
756,HomePage_Case_756,http://localhost:8080,PetClinic :: a Spring Framework demonstration,Home,Find Owners,Veterinarians,Element presence 756
757,HomePage_Case_757,http://localhost:8080,PetClinic :: a Spring Framework demonstration,Home,Find Owners,Veterinarians,Title check 757
758,HomePage_Case_758,http://localhost:8080,PetClinic :: a Spring Framework demonstration,Home,Find Owners,Veterinarians,Layout validation 758
759,HomePage_Case_759,http://localhost:8080,PetClinic :: a Spring Framework demonstration,Home,Find Owners,Veterinarians,Link validation 759
760,HomePage_Case_760,http://localhost:8080,PetClinic :: a Spring Framework demonstration,Home,Find Owners,Veterinarians,Extended scenario 760
761,HomePage_Case_761,http://localhost:8080,PetClinic :: a Spring Framework demonstration,Home,Find Owners,Veterinarians,Baseline scenario 761
762,HomePage_Case_762,http://localhost:8080/,PetClinic :: a Spring Framework demonstration,Home,Find Owners,Veterinarians,Root slash scenario 762
763,HomePage_Case_763,http://localhost:8080,PetClinic :: a Spring Framework demonstration,Home,Find Owners,Veterinarians,Home page scenario 763
764,HomePage_Case_764,http://localhost:8080,PetClinic :: a Spring Framework demonstration,Home,Find Owners,Veterinarians,Navigation scenario 764
765,HomePage_Case_765,http://localhost:8080,PetClinic :: a Spring Framework demonstration,Home,Find Owners,Veterinarians,Menu check scenario 765
766,HomePage_Case_766,http://localhost:8080,PetClinic :: a Spring Framework demonstration,Home,Find Owners,Veterinarians,Element presence 766
767,HomePage_Case_767,http://localhost:8080,PetClinic :: a Spring Framework demonstration,Home,Find Owners,Veterinarians,Title check 767
768,HomePage_Case_768,http://localhost:8080,PetClinic :: a Spring Framework demonstration,Home,Find Owners,Veterinarians,Layout validation 768
769,HomePage_Case_769,http://localhost:8080,PetClinic :: a Spring Framework demonstration,Home,Find Owners,Veterinarians,Link validation 769
770,HomePage_Case_770,http://localhost:8080,PetClinic :: a Spring Framework demonstration,Home,Find Owners,Veterinarians,Extended scenario 770
771,HomePage_Case_771,http://localhost:8080,PetClinic :: a Spring Framework demonstration,Home,Find Owners,Veterinarians,Baseline scenario 771
772,HomePage_Case_772,http://localhost:8080/,PetClinic :: a Spring Framework demonstration,Home,Find Owners,Veterinarians,Root slash scenario 772
773,HomePage_Case_773,http://localhost:8080,PetClinic :: a Spring Framework demonstration,Home,Find Owners,Veterinarians,Home page scenario 773
774,HomePage_Case_774,http://localhost:8080,PetClinic :: a Spring Framework demonstration,Home,Find Owners,Veterinarians,Navigation scenario 774
775,HomePage_Case_775,http://localhost:8080,PetClinic :: a Spring Framework demonstration,Home,Find Owners,Veterinarians,Menu check scenario 775
776,HomePage_Case_776,http://localhost:8080,PetClinic :: a Spring Framework demonstration,Home,Find Owners,Veterinarians,Element presence 776
777,HomePage_Case_777,http://localhost:8080,PetClinic :: a Spring Framework demonstration,Home,Find Owners,Veterinarians,Title check 777
778,HomePage_Case_778,http://localhost:8080,PetClinic :: a Spring Framework demonstration,Home,Find Owners,Veterinarians,Layout validation 778
779,HomePage_Case_779,http://localhost:8080,PetClinic :: a Spring Framework demonstration,Home,Find Owners,Veterinarians,Link validation 779
780,HomePage_Case_780,http://localhost:8080,PetClinic :: a Spring Framework demonstration,Home,Find Owners,Veterinarians,Extended scenario 780
781,HomePage_Case_781,http://localhost:8080,PetClinic :: a Spring Framework demonstration,Home,Find Owners,Veterinarians,Baseline scenario 781
782,HomePage_Case_782,http://localhost:8080/,PetClinic :: a Spring Framework demonstration,Home,Find Owners,Veterinarians,Root slash scenario 782
783,HomePage_Case_783,http://localhost:8080,PetClinic :: a Spring Framework demonstration,Home,Find Owners,Veterinarians,Home page scenario 783
784,HomePage_Case_784,http://localhost:8080,PetClinic :: a Spring Framework demonstration,Home,Find Owners,Veterinarians,Navigation scenario 784
785,HomePage_Case_785,http://localhost:8080,PetClinic :: a Spring Framework demonstration,Home,Find Owners,Veterinarians,Menu check scenario 785
786,HomePage_Case_786,http://localhost:8080,PetClinic :: a Spring Framework demonstration,Home,Find Owners,Veterinarians,Element presence 786
787,HomePage_Case_787,http://localhost:8080,PetClinic :: a Spring Framework demonstration,Home,Find Owners,Veterinarians,Title check 787
788,HomePage_Case_788,http://localhost:8080,PetClinic :: a Spring Framework demonstration,Home,Find Owners,Veterinarians,Layout validation 788
789,HomePage_Case_789,http://localhost:8080,PetClinic :: a Spring Framework demonstration,Home,Find Owners,Veterinarians,Link validation 789
790,HomePage_Case_790,http://localhost:8080,PetClinic :: a Spring Framework demonstration,Home,Find Owners,Veterinarians,Extended scenario 790
791,HomePage_Case_791,http://localhost:8080,PetClinic :: a Spring Framework demonstration,Home,Find Owners,Veterinarians,Baseline scenario 791
792,HomePage_Case_792,http://localhost:8080/,PetClinic :: a Spring Framework demonstration,Home,Find Owners,Veterinarians,Root slash scenario 792
793,HomePage_Case_793,http://localhost:8080,PetClinic :: a Spring Framework demonstration,Home,Find Owners,Veterinarians,Home page scenario 793
794,HomePage_Case_794,http://localhost:8080,PetClinic :: a Spring Framework demonstration,Home,Find Owners,Veterinarians,Navigation scenario 794
795,HomePage_Case_795,http://localhost:8080,PetClinic :: a Spring Framework demonstration,Home,Find Owners,Veterinarians,Menu check scenario 795
796,HomePage_Case_796,http://localhost:8080,PetClinic :: a Spring Framework demonstration,Home,Find Owners,Veterinarians,Element presence 796
797,HomePage_Case_797,http://localhost:8080,PetClinic :: a Spring Framework demonstration,Home,Find Owners,Veterinarians,Title check 797
798,HomePage_Case_798,http://localhost:8080,PetClinic :: a Spring Framework demonstration,Home,Find Owners,Veterinarians,Layout validation 798
799,HomePage_Case_799,http://localhost:8080,PetClinic :: a Spring Framework demonstration,Home,Find Owners,Veterinarians,Link validation 799
800,HomePage_Case_800,http://localhost:8080,PetClinic :: a Spring Framework demonstration,Home,Find Owners,Veterinarians,Extended scenario 800
801,HomePage_Case_801,http://localhost:8080,PetClinic :: a Spring Framework demonstration,Home,Find Owners,Veterinarians,Baseline scenario 801
802,HomePage_Case_802,http://localhost:8080/,PetClinic :: a Spring Framework demonstration,Home,Find Owners,Veterinarians,Root slash scenario 802
803,HomePage_Case_803,http://localhost:8080,PetClinic :: a Spring Framework demonstration,Home,Find Owners,Veterinarians,Home page scenario 803
804,HomePage_Case_804,http://localhost:8080,PetClinic :: a Spring Framework demonstration,Home,Find Owners,Veterinarians,Navigation scenario 804
805,HomePage_Case_805,http://localhost:8080,PetClinic :: a Spring Framework demonstration,Home,Find Owners,Veterinarians,Menu check scenario 805
806,HomePage_Case_806,http://localhost:8080,PetClinic :: a Spring Framework demonstration,Home,Find Owners,Veterinarians,Element presence 806
807,HomePage_Case_807,http://localhost:8080,PetClinic :: a Spring Framework demonstration,Home,Find Owners,Veterinarians,Title check 807
808,HomePage_Case_808,http://localhost:8080,PetClinic :: a Spring Framework demonstration,Home,Find Owners,Veterinarians,Layout validation 808
809,HomePage_Case_809,http://localhost:8080,PetClinic :: a Spring Framework demonstration,Home,Find Owners,Veterinarians,Link validation 809
810,HomePage_Case_810,http://localhost:8080,PetClinic :: a Spring Framework demonstration,Home,Find Owners,Veterinarians,Extended scenario 810
811,HomePage_Case_811,http://localhost:8080,PetClinic :: a Spring Framework demonstration,Home,Find Owners,Veterinarians,Baseline scenario 811
812,HomePage_Case_812,http://localhost:8080/,PetClinic :: a Spring Framework demonstration,Home,Find Owners,Veterinarians,Root slash scenario 812
813,HomePage_Case_813,http://localhost:8080,PetClinic :: a Spring Framework demonstration,Home,Find Owners,Veterinarians,Home page scenario 813
814,HomePage_Case_814,http://localhost:8080,PetClinic :: a Spring Framework demonstration,Home,Find Owners,Veterinarians,Navigation scenario 814
815,HomePage_Case_815,http://localhost:8080,PetClinic :: a Spring Framework demonstration,Home,Find Owners,Veterinarians,Menu check scenario 815
816,HomePage_Case_816,http://localhost:8080,PetClinic :: a Spring Framework demonstration,Home,Find Owners,Veterinarians,Element presence 816
817,HomePage_Case_817,http://localhost:8080,PetClinic :: a Spring Framework demonstration,Home,Find Owners,Veterinarians,Title check 817
818,HomePage_Case_818,http://localhost:8080,PetClinic :: a Spring Framework demonstration,Home,Find Owners,Veterinarians,Layout validation 818
819,HomePage_Case_819,http://localhost:8080,PetClinic :: a Spring Framework demonstration,Home,Find Owners,Veterinarians,Link validation 819
820,HomePage_Case_820,http://localhost:8080,PetClinic :: a Spring Framework demonstration,Home,Find Owners,Veterinarians,Extended scenario 820
821,HomePage_Case_821,http://localhost:8080,PetClinic :: a Spring Framework demonstration,Home,Find Owners,Veterinarians,Baseline scenario 821
822,HomePage_Case_822,http://localhost:8080/,PetClinic :: a Spring Framework demonstration,Home,Find Owners,Veterinarians,Root slash scenario 822
823,HomePage_Case_823,http://localhost:8080,PetClinic :: a Spring Framework demonstration,Home,Find Owners,Veterinarians,Home page scenario 823
824,HomePage_Case_824,http://localhost:8080,PetClinic :: a Spring Framework demonstration,Home,Find Owners,Veterinarians,Navigation scenario 824
825,HomePage_Case_825,http://localhost:8080,PetClinic :: a Spring Framework demonstration,Home,Find Owners,Veterinarians,Menu check scenario 825
826,HomePage_Case_826,http://localhost:8080,PetClinic :: a Spring Framework demonstration,Home,Find Owners,Veterinarians,Element presence 826
827,HomePage_Case_827,http://localhost:8080,PetClinic :: a Spring Framework demonstration,Home,Find Owners,Veterinarians,Title check 827
828,HomePage_Case_828,http://localhost:8080,PetClinic :: a Spring Framework demonstration,Home,Find Owners,Veterinarians,Layout validation 828
829,HomePage_Case_829,http://localhost:8080,PetClinic :: a Spring Framework demonstration,Home,Find Owners,Veterinarians,Link validation 829
830,HomePage_Case_830,http://localhost:8080,PetClinic :: a Spring Framework demonstration,Home,Find Owners,Veterinarians,Extended scenario 830
831,HomePage_Case_831,http://localhost:8080,PetClinic :: a Spring Framework demonstration,Home,Find Owners,Veterinarians,Baseline scenario 831
832,HomePage_Case_832,http://localhost:8080/,PetClinic :: a Spring Framework demonstration,Home,Find Owners,Veterinarians,Root slash scenario 832
833,HomePage_Case_833,http://localhost:8080,PetClinic :: a Spring Framework demonstration,Home,Find Owners,Veterinarians,Home page scenario 833
834,HomePage_Case_834,http://localhost:8080,PetClinic :: a Spring Framework demonstration,Home,Find Owners,Veterinarians,Navigation scenario 834
835,HomePage_Case_835,http://localhost:8080,PetClinic :: a Spring Framework demonstration,Home,Find Owners,Veterinarians,Menu check scenario 835
836,HomePage_Case_836,http://localhost:8080,PetClinic :: a Spring Framework demonstration,Home,Find Owners,Veterinarians,Element presence 836
837,HomePage_Case_837,http://localhost:8080,PetClinic :: a Spring Framework demonstration,Home,Find Owners,Veterinarians,Title check 837
838,HomePage_Case_838,http://localhost:8080,PetClinic :: a Spring Framework demonstration,Home,Find Owners,Veterinarians,Layout validation 838
839,HomePage_Case_839,http://localhost:8080,PetClinic :: a Spring Framework demonstration,Home,Find Owners,Veterinarians,Link validation 839
840,HomePage_Case_840,http://localhost:8080,PetClinic :: a Spring Framework demonstration,Home,Find Owners,Veterinarians,Extended scenario 840
841,HomePage_Case_841,http://localhost:8080,PetClinic :: a Spring Framework demonstration,Home,Find Owners,Veterinarians,Baseline scenario 841
842,HomePage_Case_842,http://localhost:8080/,PetClinic :: a Spring Framework demonstration,Home,Find Owners,Veterinarians,Root slash scenario 842
843,HomePage_Case_843,http://localhost:8080,PetClinic :: a Spring Framework demonstration,Home,Find Owners,Veterinarians,Home page scenario 843
844,HomePage_Case_844,http://localhost:8080,PetClinic :: a Spring Framework demonstration,Home,Find Owners,Veterinarians,Navigation scenario 844
845,HomePage_Case_845,http://localhost:8080,PetClinic :: a Spring Framework demonstration,Home,Find Owners,Veterinarians,Menu check scenario 845
846,HomePage_Case_846,http://localhost:8080,PetClinic :: a Spring Framework demonstration,Home,Find Owners,Veterinarians,Element presence 846
847,HomePage_Case_847,http://localhost:8080,PetClinic :: a Spring Framework demonstration,Home,Find Owners,Veterinarians,Title check 847
848,HomePage_Case_848,http://localhost:8080,PetClinic :: a Spring Framework demonstration,Home,Find Owners,Veterinarians,Layout validation 848
849,HomePage_Case_849,http://localhost:8080,PetClinic :: a Spring Framework demonstration,Home,Find Owners,Veterinarians,Link validation 849
850,HomePage_Case_850,http://localhost:8080,PetClinic :: a Spring Framework demonstration,Home,Find Owners,Veterinarians,Extended scenario 850
851,HomePage_Case_851,http://localhost:8080,PetClinic :: a Spring Framework demonstration,Home,Find Owners,Veterinarians,Baseline scenario 851
852,HomePage_Case_852,http://localhost:8080/,PetClinic :: a Spring Framework demonstration,Home,Find Owners,Veterinarians,Root slash scenario 852
853,HomePage_Case_853,http://localhost:8080,PetClinic :: a Spring Framework demonstration,Home,Find Owners,Veterinarians,Home page scenario 853
854,HomePage_Case_854,http://localhost:8080,PetClinic :: a Spring Framework demonstration,Home,Find Owners,Veterinarians,Navigation scenario 854
855,HomePage_Case_855,http://localhost:8080,PetClinic :: a Spring Framework demonstration,Home,Find Owners,Veterinarians,Menu check scenario 855
856,HomePage_Case_856,http://localhost:8080,PetClinic :: a Spring Framework demonstration,Home,Find Owners,Veterinarians,Element presence 856
857,HomePage_Case_857,http://localhost:8080,PetClinic :: a Spring Framework demonstration,Home,Find Owners,Veterinarians,Title check 857
858,HomePage_Case_858,http://localhost:8080,PetClinic :: a Spring Framework demonstration,Home,Find Owners,Veterinarians,Layout validation 858
859,HomePage_Case_859,http://localhost:8080,PetClinic :: a Spring Framework demonstration,Home,Find Owners,Veterinarians,Link validation 859
860,HomePage_Case_860,http://localhost:8080,PetClinic :: a Spring Framework demonstration,Home,Find Owners,Veterinarians,Extended scenario 860
861,HomePage_Case_861,http://localhost:8080,PetClinic :: a Spring Framework demonstration,Home,Find Owners,Veterinarians,Baseline scenario 861
862,HomePage_Case_862,http://localhost:8080/,PetClinic :: a Spring Framework demonstration,Home,Find Owners,Veterinarians,Root slash scenario 862
863,HomePage_Case_863,http://localhost:8080,PetClinic :: a Spring Framework demonstration,Home,Find Owners,Veterinarians,Home page scenario 863
864,HomePage_Case_864,http://localhost:8080,PetClinic :: a Spring Framework demonstration,Home,Find Owners,Veterinarians,Navigation scenario 864
865,HomePage_Case_865,http://localhost:8080,PetClinic :: a Spring Framework demonstration,Home,Find Owners,Veterinarians,Menu check scenario 865
866,HomePage_Case_866,http://localhost:8080,PetClinic :: a Spring Framework demonstration,Home,Find Owners,Veterinarians,Element presence 866
867,HomePage_Case_867,http://localhost:8080,PetClinic :: a Spring Framework demonstration,Home,Find Owners,Veterinarians,Title check 867
868,HomePage_Case_868,http://localhost:8080,PetClinic :: a Spring Framework demonstration,Home,Find Owners,Veterinarians,Layout validation 868
869,HomePage_Case_869,http://localhost:8080,PetClinic :: a Spring Framework demonstration,Home,Find Owners,Veterinarians,Link validation 869
870,HomePage_Case_870,http://localhost:8080,PetClinic :: a Spring Framework demonstration,Home,Find Owners,Veterinarians,Extended scenario 870
871,HomePage_Case_871,http://localhost:8080,PetClinic :: a Spring Framework demonstration,Home,Find Owners,Veterinarians,Baseline scenario 871
872,HomePage_Case_872,http://localhost:8080/,PetClinic :: a Spring Framework demonstration,Home,Find Owners,Veterinarians,Root slash scenario 872
873,HomePage_Case_873,http://localhost:8080,PetClinic :: a Spring Framework demonstration,Home,Find Owners,Veterinarians,Home page scenario 873
874,HomePage_Case_874,http://localhost:8080,PetClinic :: a Spring Framework demonstration,Home,Find Owners,Veterinarians,Navigation scenario 874
875,HomePage_Case_875,http://localhost:8080,PetClinic :: a Spring Framework demonstration,Home,Find Owners,Veterinarians,Menu check scenario 875
876,HomePage_Case_876,http://localhost:8080,PetClinic :: a Spring Framework demonstration,Home,Find Owners,Veterinarians,Element presence 876
877,HomePage_Case_877,http://localhost:8080,PetClinic :: a Spring Framework demonstration,Home,Find Owners,Veterinarians,Title check 877
878,HomePage_Case_878,http://localhost:8080,PetClinic :: a Spring Framework demonstration,Home,Find Owners,Veterinarians,Layout validation 878
879,HomePage_Case_879,http://localhost:8080,PetClinic :: a Spring Framework demonstration,Home,Find Owners,Veterinarians,Link validation 879
880,HomePage_Case_880,http://localhost:8080,PetClinic :: a Spring Framework demonstration,Home,Find Owners,Veterinarians,Extended scenario 880
881,HomePage_Case_881,http://localhost:8080,PetClinic :: a Spring Framework demonstration,Home,Find Owners,Veterinarians,Baseline scenario 881
882,HomePage_Case_882,http://localhost:8080/,PetClinic :: a Spring Framework demonstration,Home,Find Owners,Veterinarians,Root slash scenario 882
883,HomePage_Case_883,http://localhost:8080,PetClinic :: a Spring Framework demonstration,Home,Find Owners,Veterinarians,Home page scenario 883
884,HomePage_Case_884,http://localhost:8080,PetClinic :: a Spring Framework demonstration,Home,Find Owners,Veterinarians,Navigation scenario 884
885,HomePage_Case_885,http://localhost:8080,PetClinic :: a Spring Framework demonstration,Home,Find Owners,Veterinarians,Menu check scenario 885
886,HomePage_Case_886,http://localhost:8080,PetClinic :: a Spring Framework demonstration,Home,Find Owners,Veterinarians,Element presence 886
887,HomePage_Case_887,http://localhost:8080,PetClinic :: a Spring Framework demonstration,Home,Find Owners,Veterinarians,Title check 887
888,HomePage_Case_888,http://localhost:8080,PetClinic :: a Spring Framework demonstration,Home,Find Owners,Veterinarians,Layout validation 888
889,HomePage_Case_889,http://localhost:8080,PetClinic :: a Spring Framework demonstration,Home,Find Owners,Veterinarians,Link validation 889
890,HomePage_Case_890,http://localhost:8080,PetClinic :: a Spring Framework demonstration,Home,Find Owners,Veterinarians,Extended scenario 890
891,HomePage_Case_891,http://localhost:8080,PetClinic :: a Spring Framework demonstration,Home,Find Owners,Veterinarians,Baseline scenario 891
892,HomePage_Case_892,http://localhost:8080/,PetClinic :: a Spring Framework demonstration,Home,Find Owners,Veterinarians,Root slash scenario 892
893,HomePage_Case_893,http://localhost:8080,PetClinic :: a Spring Framework demonstration,Home,Find Owners,Veterinarians,Home page scenario 893
894,HomePage_Case_894,http://localhost:8080,PetClinic :: a Spring Framework demonstration,Home,Find Owners,Veterinarians,Navigation scenario 894
895,HomePage_Case_895,http://localhost:8080,PetClinic :: a Spring Framework demonstration,Home,Find Owners,Veterinarians,Menu check scenario 895
896,HomePage_Case_896,http://localhost:8080,PetClinic :: a Spring Framework demonstration,Home,Find Owners,Veterinarians,Element presence 896
897,HomePage_Case_897,http://localhost:8080,PetClinic :: a Spring Framework demonstration,Home,Find Owners,Veterinarians,Title check 897
898,HomePage_Case_898,http://localhost:8080,PetClinic :: a Spring Framework demonstration,Home,Find Owners,Veterinarians,Layout validation 898
899,HomePage_Case_899,http://localhost:8080,PetClinic :: a Spring Framework demonstration,Home,Find Owners,Veterinarians,Link validation 899
900,HomePage_Case_900,http://localhost:8080,PetClinic :: a Spring Framework demonstration,Home,Find Owners,Veterinarians,Extended scenario 900
901,HomePage_Case_901,http://localhost:8080,PetClinic :: a Spring Framework demonstration,Home,Find Owners,Veterinarians,Baseline scenario 901
902,HomePage_Case_902,http://localhost:8080/,PetClinic :: a Spring Framework demonstration,Home,Find Owners,Veterinarians,Root slash scenario 902
903,HomePage_Case_903,http://localhost:8080,PetClinic :: a Spring Framework demonstration,Home,Find Owners,Veterinarians,Home page scenario 903
904,HomePage_Case_904,http://localhost:8080,PetClinic :: a Spring Framework demonstration,Home,Find Owners,Veterinarians,Navigation scenario 904
905,HomePage_Case_905,http://localhost:8080,PetClinic :: a Spring Framework demonstration,Home,Find Owners,Veterinarians,Menu check scenario 905
906,HomePage_Case_906,http://localhost:8080,PetClinic :: a Spring Framework demonstration,Home,Find Owners,Veterinarians,Element presence 906
907,HomePage_Case_907,http://localhost:8080,PetClinic :: a Spring Framework demonstration,Home,Find Owners,Veterinarians,Title check 907
908,HomePage_Case_908,http://localhost:8080,PetClinic :: a Spring Framework demonstration,Home,Find Owners,Veterinarians,Layout validation 908
909,HomePage_Case_909,http://localhost:8080,PetClinic :: a Spring Framework demonstration,Home,Find Owners,Veterinarians,Link validation 909
910,HomePage_Case_910,http://localhost:8080,PetClinic :: a Spring Framework demonstration,Home,Find Owners,Veterinarians,Extended scenario 910
911,HomePage_Case_911,http://localhost:8080,PetClinic :: a Spring Framework demonstration,Home,Find Owners,Veterinarians,Baseline scenario 911
912,HomePage_Case_912,http://localhost:8080/,PetClinic :: a Spring Framework demonstration,Home,Find Owners,Veterinarians,Root slash scenario 912
913,HomePage_Case_913,http://localhost:8080,PetClinic :: a Spring Framework demonstration,Home,Find Owners,Veterinarians,Home page scenario 913
914,HomePage_Case_914,http://localhost:8080,PetClinic :: a Spring Framework demonstration,Home,Find Owners,Veterinarians,Navigation scenario 914
915,HomePage_Case_915,http://localhost:8080,PetClinic :: a Spring Framework demonstration,Home,Find Owners,Veterinarians,Menu check scenario 915
916,HomePage_Case_916,http://localhost:8080,PetClinic :: a Spring Framework demonstration,Home,Find Owners,Veterinarians,Element presence 916
917,HomePage_Case_917,http://localhost:8080,PetClinic :: a Spring Framework demonstration,Home,Find Owners,Veterinarians,Title check 917
918,HomePage_Case_918,http://localhost:8080,PetClinic :: a Spring Framework demonstration,Home,Find Owners,Veterinarians,Layout validation 918
919,HomePage_Case_919,http://localhost:8080,PetClinic :: a Spring Framework demonstration,Home,Find Owners,Veterinarians,Link validation 919
920,HomePage_Case_920,http://localhost:8080,PetClinic :: a Spring Framework demonstration,Home,Find Owners,Veterinarians,Extended scenario 920
921,HomePage_Case_921,http://localhost:8080,PetClinic :: a Spring Framework demonstration,Home,Find Owners,Veterinarians,Baseline scenario 921
922,HomePage_Case_922,http://localhost:8080/,PetClinic :: a Spring Framework demonstration,Home,Find Owners,Veterinarians,Root slash scenario 922
923,HomePage_Case_923,http://localhost:8080,PetClinic :: a Spring Framework demonstration,Home,Find Owners,Veterinarians,Home page scenario 923
924,HomePage_Case_924,http://localhost:8080,PetClinic :: a Spring Framework demonstration,Home,Find Owners,Veterinarians,Navigation scenario 924
925,HomePage_Case_925,http://localhost:8080,PetClinic :: a Spring Framework demonstration,Home,Find Owners,Veterinarians,Menu check scenario 925
926,HomePage_Case_926,http://localhost:8080,PetClinic :: a Spring Framework demonstration,Home,Find Owners,Veterinarians,Element presence 926
927,HomePage_Case_927,http://localhost:8080,PetClinic :: a Spring Framework demonstration,Home,Find Owners,Veterinarians,Title check 927
928,HomePage_Case_928,http://localhost:8080,PetClinic :: a Spring Framework demonstration,Home,Find Owners,Veterinarians,Layout validation 928
929,HomePage_Case_929,http://localhost:8080,PetClinic :: a Spring Framework demonstration,Home,Find Owners,Veterinarians,Link validation 929
930,HomePage_Case_930,http://localhost:8080,PetClinic :: a Spring Framework demonstration,Home,Find Owners,Veterinarians,Extended scenario 930
931,HomePage_Case_931,http://localhost:8080,PetClinic :: a Spring Framework demonstration,Home,Find Owners,Veterinarians,Baseline scenario 931
932,HomePage_Case_932,http://localhost:8080/,PetClinic :: a Spring Framework demonstration,Home,Find Owners,Veterinarians,Root slash scenario 932
933,HomePage_Case_933,http://localhost:8080,PetClinic :: a Spring Framework demonstration,Home,Find Owners,Veterinarians,Home page scenario 933
934,HomePage_Case_934,http://localhost:8080,PetClinic :: a Spring Framework demonstration,Home,Find Owners,Veterinarians,Navigation scenario 934
935,HomePage_Case_935,http://localhost:8080,PetClinic :: a Spring Framework demonstration,Home,Find Owners,Veterinarians,Menu check scenario 935
936,HomePage_Case_936,http://localhost:8080,PetClinic :: a Spring Framework demonstration,Home,Find Owners,Veterinarians,Element presence 936
937,HomePage_Case_937,http://localhost:8080,PetClinic :: a Spring Framework demonstration,Home,Find Owners,Veterinarians,Title check 937
938,HomePage_Case_938,http://localhost:8080,PetClinic :: a Spring Framework demonstration,Home,Find Owners,Veterinarians,Layout validation 938
939,HomePage_Case_939,http://localhost:8080,PetClinic :: a Spring Framework demonstration,Home,Find Owners,Veterinarians,Link validation 939
940,HomePage_Case_940,http://localhost:8080,PetClinic :: a Spring Framework demonstration,Home,Find Owners,Veterinarians,Extended scenario 940
941,HomePage_Case_941,http://localhost:8080,PetClinic :: a Spring Framework demonstration,Home,Find Owners,Veterinarians,Baseline scenario 941
942,HomePage_Case_942,http://localhost:8080/,PetClinic :: a Spring Framework demonstration,Home,Find Owners,Veterinarians,Root slash scenario 942
943,HomePage_Case_943,http://localhost:8080,PetClinic :: a Spring Framework demonstration,Home,Find Owners,Veterinarians,Home page scenario 943
944,HomePage_Case_944,http://localhost:8080,PetClinic :: a Spring Framework demonstration,Home,Find Owners,Veterinarians,Navigation scenario 944
945,HomePage_Case_945,http://localhost:8080,PetClinic :: a Spring Framework demonstration,Home,Find Owners,Veterinarians,Menu check scenario 945
946,HomePage_Case_946,http://localhost:8080,PetClinic :: a Spring Framework demonstration,Home,Find Owners,Veterinarians,Element presence 946
947,HomePage_Case_947,http://localhost:8080,PetClinic :: a Spring Framework demonstration,Home,Find Owners,Veterinarians,Title check 947
948,HomePage_Case_948,http://localhost:8080,PetClinic :: a Spring Framework demonstration,Home,Find Owners,Veterinarians,Layout validation 948
949,HomePage_Case_949,http://localhost:8080,PetClinic :: a Spring Framework demonstration,Home,Find Owners,Veterinarians,Link validation 949
950,HomePage_Case_950,http://localhost:8080,PetClinic :: a Spring Framework demonstration,Home,Find Owners,Veterinarians,Extended scenario 950
951,HomePage_Case_951,http://localhost:8080,PetClinic :: a Spring Framework demonstration,Home,Find Owners,Veterinarians,Baseline scenario 951
952,HomePage_Case_952,http://localhost:8080/,PetClinic :: a Spring Framework demonstration,Home,Find Owners,Veterinarians,Root slash scenario 952
953,HomePage_Case_953,http://localhost:8080,PetClinic :: a Spring Framework demonstration,Home,Find Owners,Veterinarians,Home page scenario 953
954,HomePage_Case_954,http://localhost:8080,PetClinic :: a Spring Framework demonstration,Home,Find Owners,Veterinarians,Navigation scenario 954
955,HomePage_Case_955,http://localhost:8080,PetClinic :: a Spring Framework demonstration,Home,Find Owners,Veterinarians,Menu check scenario 955
956,HomePage_Case_956,http://localhost:8080,PetClinic :: a Spring Framework demonstration,Home,Find Owners,Veterinarians,Element presence 956
957,HomePage_Case_957,http://localhost:8080,PetClinic :: a Spring Framework demonstration,Home,Find Owners,Veterinarians,Title check 957
958,HomePage_Case_958,http://localhost:8080,PetClinic :: a Spring Framework demonstration,Home,Find Owners,Veterinarians,Layout validation 958
959,HomePage_Case_959,http://localhost:8080,PetClinic :: a Spring Framework demonstration,Home,Find Owners,Veterinarians,Link validation 959
960,HomePage_Case_960,http://localhost:8080,PetClinic :: a Spring Framework demonstration,Home,Find Owners,Veterinarians,Extended scenario 960
961,HomePage_Case_961,http://localhost:8080,PetClinic :: a Spring Framework demonstration,Home,Find Owners,Veterinarians,Baseline scenario 961
962,HomePage_Case_962,http://localhost:8080/,PetClinic :: a Spring Framework demonstration,Home,Find Owners,Veterinarians,Root slash scenario 962
963,HomePage_Case_963,http://localhost:8080,PetClinic :: a Spring Framework demonstration,Home,Find Owners,Veterinarians,Home page scenario 963
964,HomePage_Case_964,http://localhost:8080,PetClinic :: a Spring Framework demonstration,Home,Find Owners,Veterinarians,Navigation scenario 964
965,HomePage_Case_965,http://localhost:8080,PetClinic :: a Spring Framework demonstration,Home,Find Owners,Veterinarians,Menu check scenario 965
966,HomePage_Case_966,http://localhost:8080,PetClinic :: a Spring Framework demonstration,Home,Find Owners,Veterinarians,Element presence 966
967,HomePage_Case_967,http://localhost:8080,PetClinic :: a Spring Framework demonstration,Home,Find Owners,Veterinarians,Title check 967
968,HomePage_Case_968,http://localhost:8080,PetClinic :: a Spring Framework demonstration,Home,Find Owners,Veterinarians,Layout validation 968
969,HomePage_Case_969,http://localhost:8080,PetClinic :: a Spring Framework demonstration,Home,Find Owners,Veterinarians,Link validation 969
970,HomePage_Case_970,http://localhost:8080,PetClinic :: a Spring Framework demonstration,Home,Find Owners,Veterinarians,Extended scenario 970
971,HomePage_Case_971,http://localhost:8080,PetClinic :: a Spring Framework demonstration,Home,Find Owners,Veterinarians,Baseline scenario 971
972,HomePage_Case_972,http://localhost:8080/,PetClinic :: a Spring Framework demonstration,Home,Find Owners,Veterinarians,Root slash scenario 972
973,HomePage_Case_973,http://localhost:8080,PetClinic :: a Spring Framework demonstration,Home,Find Owners,Veterinarians,Home page scenario 973
974,HomePage_Case_974,http://localhost:8080,PetClinic :: a Spring Framework demonstration,Home,Find Owners,Veterinarians,Navigation scenario 974
975,HomePage_Case_975,http://localhost:8080,PetClinic :: a Spring Framework demonstration,Home,Find Owners,Veterinarians,Menu check scenario 975
976,HomePage_Case_976,http://localhost:8080,PetClinic :: a Spring Framework demonstration,Home,Find Owners,Veterinarians,Element presence 976
977,HomePage_Case_977,http://localhost:8080,PetClinic :: a Spring Framework demonstration,Home,Find Owners,Veterinarians,Title check 977
978,HomePage_Case_978,http://localhost:8080,PetClinic :: a Spring Framework demonstration,Home,Find Owners,Veterinarians,Layout validation 978
979,HomePage_Case_979,http://localhost:8080,PetClinic :: a Spring Framework demonstration,Home,Find Owners,Veterinarians,Link validation 979
980,HomePage_Case_980,http://localhost:8080,PetClinic :: a Spring Framework demonstration,Home,Find Owners,Veterinarians,Extended scenario 980
981,HomePage_Case_981,http://localhost:8080,PetClinic :: a Spring Framework demonstration,Home,Find Owners,Veterinarians,Baseline scenario 981
982,HomePage_Case_982,http://localhost:8080/,PetClinic :: a Spring Framework demonstration,Home,Find Owners,Veterinarians,Root slash scenario 982
983,HomePage_Case_983,http://localhost:8080,PetClinic :: a Spring Framework demonstration,Home,Find Owners,Veterinarians,Home page scenario 983
984,HomePage_Case_984,http://localhost:8080,PetClinic :: a Spring Framework demonstration,Home,Find Owners,Veterinarians,Navigation scenario 984
985,HomePage_Case_985,http://localhost:8080,PetClinic :: a Spring Framework demonstration,Home,Find Owners,Veterinarians,Menu check scenario 985
986,HomePage_Case_986,http://localhost:8080,PetClinic :: a Spring Framework demonstration,Home,Find Owners,Veterinarians,Element presence 986
987,HomePage_Case_987,http://localhost:8080,PetClinic :: a Spring Framework demonstration,Home,Find Owners,Veterinarians,Title check 987
988,HomePage_Case_988,http://localhost:8080,PetClinic :: a Spring Framework demonstration,Home,Find Owners,Veterinarians,Layout validation 988
989,HomePage_Case_989,http://localhost:8080,PetClinic :: a Spring Framework demonstration,Home,Find Owners,Veterinarians,Link validation 989
990,HomePage_Case_990,http://localhost:8080,PetClinic :: a Spring Framework demonstration,Home,Find Owners,Veterinarians,Extended scenario 990
991,HomePage_Case_991,http://localhost:8080,PetClinic :: a Spring Framework demonstration,Home,Find Owners,Veterinarians,Baseline scenario 991
992,HomePage_Case_992,http://localhost:8080/,PetClinic :: a Spring Framework demonstration,Home,Find Owners,Veterinarians,Root slash scenario 992
993,HomePage_Case_993,http://localhost:8080,PetClinic :: a Spring Framework demonstration,Home,Find Owners,Veterinarians,Home page scenario 993
994,HomePage_Case_994,http://localhost:8080,PetClinic :: a Spring Framework demonstration,Home,Find Owners,Veterinarians,Navigation scenario 994
995,HomePage_Case_995,http://localhost:8080,PetClinic :: a Spring Framework demonstration,Home,Find Owners,Veterinarians,Menu check scenario 995
996,HomePage_Case_996,http://localhost:8080,PetClinic :: a Spring Framework demonstration,Home,Find Owners,Veterinarians,Element presence 996
997,HomePage_Case_997,http://localhost:8080,PetClinic :: a Spring Framework demonstration,Home,Find Owners,Veterinarians,Title check 997
998,HomePage_Case_998,http://localhost:8080,PetClinic :: a Spring Framework demonstration,Home,Find Owners,Veterinarians,Layout validation 998
999,HomePage_Case_999,http://localhost:8080,PetClinic :: a Spring Framework demonstration,Home,Find Owners,Veterinarians,Link validation 999
1000,HomePage_Case_1000,http://localhost:8080,PetClinic :: a Spring Framework demonstration,Home,Find Owners,Veterinarians,Extended scenario 1000
